,LotNo,PommesTraitesKg,TempsPressageHeure,PressionMaxPressagePsi,EtatFermenteur,Produit,ProductionLitre,RendementLitrePerKg,CoutDollarPerLitre,Couleur,Intensite,Fournisseur,Annees,PoidsNominalTonne,PctMcIntosh,PctSpartan,PctEmpire,PctCortland
0,2012A1001,99995,3.9,2000.5,OK,Cidre tranquille,59969.0,0.6,4.04,Très faible,Très forte,A,2012,100,93.8,6.2,0.0,0.0
1,2012A1005,99949,3.9,2000.1,OK,Cidre pétillant,28593.0,0.286,12.32,Très faible,Très forte,A,2012,100,83.9,16.1,0.0,0.0
2,2012A1013,100043,4.0,1998.6,OK,Cidre pétillant,29433.0,0.294,11.93,Faible,Très forte,A,2012,100,89.7,10.3,0.0,0.0
3,2012A1018,99884,3.8,1995.9,OK,Cidre de glace,12198.0,0.205,26.86,Très faible,Très forte,A,2012,100,91.5,8.5,0.0,0.0
4,2012A1026,100013,4.1,1996.4,OK,Cidre de glace,11620.0,0.116,27.39,Très faible,Très forte,A,2012,100,83.6,16.4,0.0,0.0
5,2013A1001,99930,4.05,1996.8,OK,Cidre tranquille,58130.0,0.582,5.86,Faible,Très forte,A,2013,100,84.2,15.8,0.0,0.0
6,2013A1007,99969,4.0,2000.8,OK,Cidre pétillant,30525.0,0.305,10.19,Absente,Très forte,A,2013,100,85.1,14.9,0.0,0.0
7,2013A1015,100058,3.9,1998.8,OK,Cidre pétillant,29455.0,0.294,13.12,Faible,Très forte,A,2013,100,95.4,4.6,0.0,0.0
8,2013A1019,99980,3.8,1999.1,OK,Cidre de glace,11357.0,0.114,29.36,Absente,Très forte,A,2013,100,89.6,10.4,0.0,0.0
9,2013A1027,99917,4.1,2001.8,OK,Cidre de glace,8998.0,0.09,39.56,Très faible,Très forte,A,2013,100,90.3,9.7,0.0,0.0
10,2013A1035,100007,4.1,2000.5,OK,Cidre de glace,8371.0,0.084,32.69,Très faible,Très forte,A,2013,100,95.9,4.1,0.0,0.0
11,2014A1001,100042,3.8,2000.4,OK,Cidre tranquille,57909.0,0.579,6.21,Très faible,Très forte,A,2014,100,93.4,6.6,0.0,0.0
12,2014A1007,100048,4.1,2001.3,OK,Cidre pétillant,26585.0,0.266,12.15,Faible,Forte,A,2014,100,94.4,5.6,0.0,0.0
13,2014A1015,99954,4.0,1998.8,OK,Cidre pétillant,27842.0,0.279,11.53,Très faible,Forte,A,2014,100,89.3,10.7,0.0,0.0
14,2014A1019,100024,4.0,1999.6,OK,Cidre de glace,11952.0,0.119,33.58,Absente,Très forte,A,2014,100,90.4,9.6,0.0,0.0
15,2014A1027,100159,3.9,1999.1,OK,Cidre de glace,10891.0,0.109,28.47,Très faible,Très forte,A,2014,100,93.7,6.3,0.0,0.0
16,2014A1035,99968,4.1,1998.5,OK,Cidre de glace,11483.0,0.115,32.19,Absente,Très forte,A,2014,100,89.4,10.6,0.0,0.0
17,2015A1001,99999,3.8,1998.7,OK,Cidre tranquille,57565.0,0.576,8.13,Faible,Forte,A,2015,100,89.4,10.6,0.0,0.0
18,2015A1009,100066,4.0,1999.9,OK,Cidre pétillant,30042.0,0.3,9.43,Très faible,Forte,A,2015,100,93.5,6.5,0.0,0.0
19,2015A1017,100011,3.9,1999.0,OK,Cidre pétillant,27484.0,0.275,6.78,Très faible,Très forte,A,2015,100,83.4,16.6,0.0,0.0
20,2015A1026,100027,3.9,2001.7,OK,Cidre de glace,14065.0,0.141,24.14,Très faible,Très forte,A,2015,100,93.8,6.2,0.0,0.0
21,2015A1034,99989,4.1,1996.8,OK,Cidre de glace,10480.0,0.105,33.81,Très faible,Très forte,A,2015,100,95.7,4.3,0.0,0.0
22,2015A1042,100102,3.9,1999.9,OK,Cidre de glace,12723.0,0.127,22.24,Absente,Forte,A,2015,100,87.3,12.7,0.0,0.0
23,2016A1001,100002,4.0,2000.1,OK,Cidre tranquille,57254.0,0.573,5.86,Très faible,Très forte,A,2016,100,90.4,9.6,0.0,0.0
24,2016A1009,99941,4.0,1999.0,OK,Cidre pétillant,25866.0,0.259,10.02,Très faible,Forte,A,2016,100,86.9,13.1,0.0,0.0
25,2016A1017,100008,4.0,2000.4,OK,Cidre pétillant,27434.0,0.274,8.39,Très faible,Très forte,A,2016,100,89.1,10.9,0.0,0.0
26,2016A1026,100042,4.1,2000.2,OK,Cidre de glace,11606.0,0.116,33.93,Très faible,Très forte,A,2016,100,98.7,1.3,0.0,0.0
27,2016A1034,99906,3.9,1996.7,OK,Cidre de glace,12019.0,0.12,31.35,Très faible,Très forte,A,2016,100,86.3,13.7,0.0,0.0
28,2016A1042,100040,3.9,1996.4,OK,Cidre de glace,11012.0,0.11,22.97,Très faible,Très forte,A,2016,100,86.9,13.1,0.0,0.0
29,2017A1001,100142,4.0,1996.1,OK,Cidre tranquille,55883.0,0.558,5.95,Très faible,Très forte,A,2017,100,87.2,12.8,0.0,0.0
30,2017A1010,99905,4.1,1999.8,OK,Cidre pétillant,28899.0,0.289,11.87,Très faible,Très forte,A,2017,100,87.8,12.2,0.0,0.0
31,2017A1018,100061,4.1,2000.1,OK,Cidre pétillant,26676.0,0.267,9.25,Très faible,Forte,A,2017,100,94.7,15.3,0.0,0.0
32,2017A1030,99812,4.0,1999.9,OK,Cidre de glace,13293.0,0.133,33.05,Très faible,Très forte,A,2017,100,87.6,12.4,0.0,0.0
33,2017A1038,99984,4.1,1998.6,OK,Cidre de glace,10457.0,0.105,26.6,Très faible,Très forte,A,2017,100,97.9,2.1,0.0,0.0
34,2017A1046,99973,4.0,2000.7,OK,Cidre de glace,10491.0,0.105,31.8,Faible,Très forte,A,2017,100,86.1,13.9,0.0,0.0
35,2018A1001,99778,4.1,1995.2,OK,Cidre tranquille,58212.0,0.583,5.32,Absente,Forte,A,2018,100,94.8,5.2,0.0,0.0
36,2018A1010,100133,4.4,1998.6,OK,Cidre pétillant,32061.0,0.32,12.04,Très faible,Très forte,A,2018,100,95.0,5.0,0.0,0.0
37,2018A1018,99983,4.0,2000.5,OK,Cidre pétillant,26579.0,0.266,7.13,Très faible,Très forte,A,2018,100,92.5,7.5,0.0,0.0
38,2018A1030,99938,4.1,1997.1,OK,Cidre de glace,11726.0,0.117,31.36,Absente,Forte,A,2018,100,89.1,10.9,0.0,0.0
39,2018A1038,100235,4.0,2000.6,OK,Cidre de glace,10074.0,0.101,30.44,Très faible,Très forte,A,2018,100,75.3,24.7,0.0,0.0
40,2018A1046,99960,3.9,2000.8,OK,Cidre de glace,12042.0,0.12,34.52,Très faible,Très forte,A,2018,100,99.2,0.8,0.0,0.0
41,2019A1001,99938,3.9,2001.4,OK,Cidre tranquille,57416.0,0.575,4.95,Très faible,Très forte,A,2019,100,88.0,12.0,0.0,0.0
42,2019A1012,99816,4.0,1998.7,OK,Cidre pétillant,30032.0,0.301,11.25,Très faible,Très forte,A,2019,100,91.4,8.6,0.0,0.0
43,2019A1020,99988,3.9,2004.9,OK,Cidre pétillant,31859.0,0.319,11.06,Très faible,Très forte,A,2019,100,89.1,10.9,0.0,0.0
44,2019A1034,99960,4.0,1999.1,OK,Cidre de glace,9986.0,0.1,28.68,Très faible,Très forte,A,2019,100,90.0,10.0,0.0,0.0
45,2019A1042,99898,4.2,1998.7,OK,Cidre de glace,11637.0,0.116,26.06,Absente,Très forte,A,2019,100,90.4,9.6,0.0,0.0
46,2019A1050,100053,3.9,1999.4,OK,Cidre de glace,7871.0,0.079,23.62,Absente,Très forte,A,2019,100,84.6,15.4,0.0,0.0
47,2019A1058,99916,4.1,1995.5,OK,Cidre de glace,14245.0,0.143,33.14,Absente,Forte,A,2019,100,85.1,14.9,0.0,0.0
48,2020A1015,100097,4.0,1999.7,OK,Cidre pétillant,29565.0,0.295,11.81,Faible,Très forte,A,2020,100,78.6,21.4,0.0,0.0
49,2020A1023,100059,3.95,1997.5,OK,Cidre pétillant,29657.0,0.296,9.91,Très faible,Très forte,A,2020,100,90.7,9.3,0.0,0.0
50,2020A1031,100076,3.9,1999.5,OK,Cidre pétillant,30020.0,0.3,12.4,Très faible,Très forte,A,2020,100,90.2,9.8,0.0,0.0
51,2020A1036,99987,4.0,2000.4,OK,Cidre de glace,11412.0,0.114,31.47,Très faible,Très forte,A,2020,100,97.2,2.8,0.0,0.0
52,2020A1044,99904,4.1,2000.2,OK,Cidre de glace,9336.0,0.093,33.13,Très faible,Très forte,A,2020,100,92.0,8.0,0.0,0.0
53,2020A1052,99935,4.0,2000.0,OK,Cidre de glace,9536.0,0.095,26.58,Très faible,Très forte,A,2020,100,93.5,6.5,0.0,0.0
54,2020A1060,99865,3.9,1996.4,OK,Cidre de glace,11014.0,0.11,31.39,Très faible,Très forte,A,2020,100,87.4,12.6,0.0,0.0
55,2021A1001,100108,4.0,1997.1,OK,Cidre tranquille,59802.0,0.597,5.55,Très faible,Très forte,A,2021,100,89.1,10.9,0.0,0.0
56,2021A1014,100034,3.9,2001.7,OK,Cidre pétillant,29301.0,0.293,9.17,Faible,Très forte,A,2021,100,91.1,8.9,0.0,0.0
57,2021A1022,99886,4.0,1996.4,OK,Cidre pétillant,29575.0,0.296,7.98,Très faible,Forte,A,2021,100,95.2,4.8,0.0,0.0
58,2021A1030,99848,3.9,1999.6,OK,Cidre pétillant,25999.0,0.26,8.46,Absente,Forte,A,2021,100,100.0,0.0,0.0,0.0
59,2021A1040,100022,3.9,2001.2,OK,Cidre de glace,10082.0,0.101,29.89,Très faible,Très forte,A,2021,100,87.1,12.9,0.0,0.0
60,2021A1048,99929,3.9,1997.3,OK,Cidre de glace,12474.0,0.125,26.7,Très faible,Très forte,A,2021,100,90.0,10.0,0.0,0.0
61,2021A1056,99910,4.0,1999.4,OK,Cidre de glace,9238.0,0.092,31.77,Faible,Très forte,A,2021,100,88.4,11.6,0.0,0.0
62,2021A1064,99882,4.1,2001.9,OK,Cidre de glace,10709.0,0.107,30.57,Faible,Très forte,A,2021,100,87.3,12.7,0.0,0.0
63,2022A1001,100052,3.9,2000.7,OK,Cidre tranquille,57686.0,0.577,6.05,Très faible,Très forte,A,2022,100,85.5,14.5,0.0,0.0
64,2022A1017,99951,3.9,2000.6,OK,Cidre pétillant,28083.0,0.281,9.01,Très faible,Forte,A,2022,100,89.1,10.9,0.0,0.0
65,2022A1025,99917,4.1,1999.0,OK,Cidre pétillant,29797.0,0.298,10.69,Très faible,Forte,A,2022,100,88.7,11.3,0.0,0.0
66,2022A1033,100153,3.9,2001.7,OK,Cidre pétillant,31705.0,0.317,9.14,Absente,Forte,A,2022,100,85.0,15.0,0.0,0.0
67,2022A1041,99993,4.0,1999.8,OK,Cidre pétillant,27044.0,0.27,13.62,Absente,Très forte,A,2022,100,88.9,11.1,0.0,0.0
68,2022A1043,100034,4.0,1997.9,OK,Cidre de glace,6935.0,0.069,27.74,Très faible,Très forte,A,2022,100,91.2,8.8,0.0,0.0
69,2022A1051,100015,3.9,1998.0,OK,Cidre de glace,12189.0,0.122,38.41,Absente,Très forte,A,2022,100,83.2,16.8,0.0,0.0
70,2022A1059,100011,4.0,2002.2,OK,Cidre de glace,11692.0,0.117,30.04,Très faible,Très forte,A,2022,100,85.3,14.7,0.0,0.0
71,2022A1067,99992,4.1,2000.9,OK,Cidre de glace,11273.0,0.113,25.98,Très faible,Très forte,A,2022,100,95.3,4.7,0.0,0.0
72,2022A1075,99837,4.1,1999.3,OK,Cidre de glace,10920.0,0.109,32.03,Très faible,Forte,A,2022,100,92.6,7.4,0.0,0.0
73,2012B1002,49961,4.2,2002.4,OK,Cidre tranquille,26054.0,0.521,6.92,Très forte,Moyenne,B,2012,50,12.9,87.1,0.0,0.0
74,2012B1006,49941,4.0,2000.0,OK,Cidre pétillant,13388.0,0.268,7.91,Très forte,Forte,B,2012,50,18.3,81.7,0.0,0.0
75,2012B1019,49978,4.0,2000.6,OK,Cidre de glace,3905.0,0.078,35.3,Très forte,Forte,B,2012,50,12.2,87.8,0.0,0.0
76,2012B1027,50013,4.0,1998.1,OK,Cidre de glace,5887.0,0.118,28.27,Très forte,Moyenne,B,2012,50,9.3,90.7,0.0,0.0
77,2012B1034,50120,4.1,2001.4,OK,Cidre de glace,4902.0,0.098,26.05,Très forte,Moyenne,B,2012,50,3.3,96.7,0.0,0.0
78,2013B1002,50168,3.9,1998.4,OK,Cidre tranquille,24276.0,0.484,5.58,Très forte,Faible,B,2013,50,3.2,96.8,0.0,0.0
79,2013B1008,50042,4.0,2001.0,OK,Cidre pétillant,13666.0,0.273,10.42,Très forte,Moyenne,B,2013,50,16.8,83.2,0.0,0.0
80,2013B1016,50064,4.0,2000.5,OK,Cidre pétillant,13041.0,0.26,5.83,Forte,Forte,B,2013,50,14.9,85.1,0.0,0.0
81,2013B1020,50066,3.9,1998.3,OK,Cidre de glace,4820.0,0.096,27.63,Forte,Moyenne,B,2013,50,17.2,82.8,0.0,0.0
82,2013B1028,50016,3.9,2003.3,OK,Cidre de glace,4707.0,0.094,31.61,Très forte,Forte,B,2013,50,9.0,91.0,0.0,0.0
83,2013B1036,49830,3.9,2002.9,OK,Cidre de glace,16025.0,0.058,34.63,Très forte,Moyenne,B,2013,50,3.6,96.4,0.0,0.0
84,2014B1002,50093,3.8,1993.6,OK,Cidre tranquille,27343.0,0.546,5.58,Très forte,Moyenne,B,2014,50,19.5,80.5,0.0,0.0
85,2014B1008,50064,4.1,2001.2,OK,Cidre pétillant,13230.0,0.264,12.3,Très forte,Moyenne,B,2014,50,18.3,81.7,0.0,0.0
86,2014B1016,50048,4.0,2000.6,OK,Cidre pétillant,13078.0,0.261,9.89,Très forte,Faible,B,2014,50,20.0,80.0,0.0,0.0
87,2014B1020,49989,4.1,2000.3,OK,Cidre de glace,3824.0,0.076,24.4,Très forte,Moyenne,B,2014,50,0.0,100.0,0.0,0.0
88,2014B1028,50075,4.0,1998.9,OK,Cidre de glace,5307.0,0.106,29.87,Très forte,Forte,B,2014,50,7.7,92.3,0.0,0.0
89,2014B1036,50039,4.0,1999.3,OK,Cidre de glace,5668.0,0.113,30.29,Très forte,Moyenne,B,2014,50,8.6,91.4,0.0,0.0
90,2015B1002,50169,3.9,1999.9,OK,Cidre tranquille,27965.0,0.557,6.95,Très forte,Forte,B,2015,50,6.9,93.1,0.0,0.0
91,2015B1010,50043,3.8,2000.8,OK,Cidre pétillant,12794.0,0.256,11.74,Très forte,Faible,B,2015,50,16.4,83.6,0.0,0.0
92,2015B1018,50255,3.9,2000.5,OK,Cidre pétillant,14637.0,0.291,9.34,Forte,Moyenne,B,2015,50,5.6,94.4,0.0,0.0
93,2015B1027,49835,3.8,2000.3,OK,Cidre de glace,9105.5,0.103,29.12,Très forte,Moyenne,B,2015,50,10.5,89.5,0.0,0.0
94,2015B1035,50061,4.0,2003.2,OK,Cidre de glace,3574.0,0.071,38.41,Très forte,Moyenne,B,2015,50,12.2,87.8,0.0,0.0
95,2015B1043,49908,4.1,1998.1,OK,Cidre de glace,5105.0,0.102,32.68,Très forte,Moyenne,B,2015,50,11.8,88.2,0.0,0.0
96,2016B1002,49854,3.9,2001.7,OK,Cidre tranquille,25500.0,0.511,5.74,Forte,Forte,B,2016,50,14.3,85.7,0.0,0.0
97,2016B1010,50057,4.2,1999.2,OK,Cidre pétillant,13422.0,0.268,11.4,Très forte,Moyenne,B,2016,50,8.1,91.9,0.0,0.0
98,2016B1018,50049,3.9,1997.5,OK,Cidre pétillant,13046.0,0.261,7.15,Très forte,Forte,B,2016,50,16.5,83.5,0.0,0.0
99,2016B1027,49822,4.0,1998.7,OK,Cidre de glace,3791.0,0.076,31.95,Très forte,Forte,B,2016,50,4.3,95.7,0.0,0.0
100,2016B1035,49942,4.0,2001.2,OK,Cidre de glace,3946.0,0.079,28.87,Forte,Moyenne,B,2016,50,13.4,86.6,0.0,0.0
101,2016B1043,49985,4.1,2004.4,OK,Cidre de glace,5651.0,0.113,37.74,Très forte,Moyenne,B,2016,50,3.2,96.8,0.0,0.0
102,2017B1002,49816,4.0,1997.9,OK,Cidre tranquille,26154.0,0.525,5.23,Très forte,Faible,B,2017,50,11.3,88.7,0.0,0.0
103,2017B1011,49932,4.1,2000.5,OK,Cidre pétillant,12837.0,0.257,8.28,Très forte,Moyenne,B,2017,50,9.4,90.6,0.0,0.0
104,2017B1019,49953,3.9,1998.1,OK,Cidre pétillant,13175.0,0.264,8.55,Très forte,Moyenne,B,2017,50,1.9,98.1,0.0,0.0
105,2017B1031,50046,4.0,2000.6,OK,Cidre de glace,3751.0,0.075,24.75,Forte,Forte,B,2017,50,12.7,87.3,0.0,0.0
106,2017B1039,49950,4.0,2003.7,OK,Cidre de glace,5097.0,0.102,29.34,Très forte,Moyenne,B,2017,50,14.0,86.0,0.0,0.0
107,2017B1047,49968,4.0,2000.6,OK,Cidre de glace,4680.0,0.094,28.84,Très forte,Moyenne,B,2017,50,16.1,83.9,0.0,0.0
108,2018B1002,50067,4.0,1999.9,OK,Cidre tranquille,26114.0,0.522,3.88,Très forte,Moyenne,B,2018,50,10.9,89.1,0.0,0.0
109,2018B1011,49890,4.0,1998.4,OK,Cidre pétillant,11900.0,0.239,10.23,Très forte,Forte,B,2018,50,14.0,86.0,0.0,0.0
110,2018B1019,49927,3.8,2001.4,OK,Cidre pétillant,13553.0,0.271,12.16,Très forte,Forte,B,2018,50,13.2,86.8,0.0,0.0
111,2018B1031,50203,4.1,2002.9,OK,Cidre de glace,3955.0,0.079,34.84,Très forte,Forte,B,2018,50,2.6,97.4,0.0,0.0
112,2018B1039,49827,3.9,2002.7,OK,Cidre de glace,4083.0,0.082,25.66,Très forte,Forte,B,2018,50,7.3,92.7,0.0,0.0
113,2018B1047,50097,4.0,1998.7,OK,Cidre de glace,2896.0,0.058,29.22,Très forte,Moyenne,B,2018,50,10.4,89.6,0.0,0.0
114,2019B1008,49874,4.0,2001.5,OK,Cidre tranquille,25845.0,0.518,7.3,Très forte,Faible,B,2019,50,21.2,78.8,0.0,0.0
115,2019B1013,49879,3.9,2000.0,OK,Cidre pétillant,13219.0,0.265,10.92,Très forte,Moyenne,B,2019,50,11.3,88.7,0.0,0.0
116,2019B1021,49891,3.7,1996.4,OK,Cidre pétillant,14639.0,0.293,12.42,Très forte,Moyenne,B,2019,50,0.0,100.0,0.0,0.0
117,2019B1035,50065,4.0,2000.7,OK,Cidre de glace,3165.0,0.063,32.09,Très forte,Moyenne,B,2019,50,4.4,95.6,0.0,0.0
118,2019B1043,50040,3.9,2000.6,OK,Cidre de glace,3656.0,0.073,36.8,Très forte,Faible,B,2019,50,8.1,91.9,0.0,0.0
119,2019B1051,50062,4.0,1996.1,OK,Cidre de glace,4665.0,0.093,28.73,Très forte,Moyenne,B,2019,50,0.0,100.0,0.0,0.0
120,2020B1001,50001,3.9,1995.2,OK,Cidre tranquille,25829.0,0.517,5.88,Très forte,Forte,B,2020,50,11.9,88.1,0.0,0.0
121,2020B1008,49947,4.1,1997.0,OK,Cidre tranquille,25073.0,0.502,3.38,Très forte,Moyenne,B,2020,50,8.8,91.2,0.0,0.0
122,2020B1013,50148,3.9,1998.5,OK,Cidre tranquille,25292.0,0.504,7.67,Très forte,Moyenne,B,2020,50,18.2,81.8,0.0,0.0
123,2020B1016,50047,3.9,1997.9,OK,Cidre pétillant,12306.0,0.246,11.22,Très forte,Moyenne,B,2020,50,25.6,74.4,0.0,0.0
124,2020B1024,50048,4.1,2000.5,OK,Cidre pétillant,11925.0,0.238,10.97,Très forte,Faible,B,2020,50,7.0,93.0,0.0,0.0
125,2020B1032,49939,4.1,2001.8,OK,Cidre pétillant,12361.0,0.248,9.93,Forte,Moyenne,B,2020,50,16.4,83.6,0.0,0.0
126,2020B1037,49969,4.0,2001.9,OK,Cidre de glace,5211.0,0.104,32.03,Très forte,Moyenne,B,2020,50,3.5,96.5,0.0,0.0
127,2020B1045,49996,3.8,1998.1,OK,Cidre de glace,3198.0,0.064,30.14,Très forte,Moyenne,B,2020,50,12.3,87.7,0.0,0.0
128,2020B1053,49841,4.0,2000.1,OK,Cidre de glace,5514.0,0.111,27.3,Très forte,Forte,B,2020,50,12.6,87.4,0.0,0.0
129,2020B1061,50138,4.1,2002.0,OK,Cidre de glace,3877.0,0.077,35.6,Très forte,Moyenne,B,2020,50,11.7,88.3,0.0,0.0
130,2021B1002,50110,3.9,1998.4,OK,Cidre tranquille,25934.0,0.518,5.51,Forte,Moyenne,B,2021,50,14.6,85.4,0.0,0.0
131,2021B1009,50004,3.9,2001.3,OK,Cidre tranquille,27796.0,0.556,7.74,Très forte,Moyenne,B,2021,50,18.2,81.8,0.0,0.0
132,2021B1015,49964,4.1,2003.5,OK,Cidre pétillant,11973.0,0.24,13.02,Forte,Moyenne,B,2021,50,8.9,91.1,0.0,0.0
133,2021B1023,49915,4.1,2001.8,OK,Cidre pétillant,14178.0,0.284,9.17,Très forte,Moyenne,B,2021,50,3.4,96.6,0.0,0.0
134,2021B1031,49978,3.9,2000.4,OK,Cidre pétillant,14083.0,0.282,10.1,Très forte,Moyenne,B,2021,50,0.4,99.6,0.0,0.0
135,2021B1041,49936,4.1,1999.2,OK,Cidre de glace,3869.0,0.077,23.01,Très forte,Faible,B,2021,50,11.8,88.2,0.0,0.0
136,2021B1049,49795,4.0,1998.6,OK,Cidre de glace,4282.0,0.086,34.18,Très forte,Moyenne,B,2021,50,5.7,94.3,0.0,0.0
137,2021B1057,50124,4.1,2000.4,OK,Cidre de glace,3466.0,0.069,32.8,Très forte,Moyenne,B,2021,50,2.5,97.5,0.0,0.0
138,2021B1065,50021,4.1,2001.9,OK,Cidre de glace,4829.0,0.097,29.8,Très forte,Moyenne,B,2021,50,17.9,82.1,0.0,0.0
139,2022B1002,49976,4.1,2003.1,OK,Cidre tranquille,27478.0,0.55,18.11,Très forte,Moyenne,B,2022,50,13.2,86.8,0.0,0.0
140,2022B1009,50167,3.9,1997.5,OK,Cidre tranquille,25965.0,0.518,6.42,Très forte,Moyenne,B,2022,50,9.8,90.2,0.0,0.0
141,2022B1016,49980,3.9,1999.1,OK,Cidre tranquille,27012.0,0.54,3.76,Très forte,Faible,B,2022,50,5.6,94.4,0.0,0.0
142,2022B1018,50124,3.7,1999.5,OK,Cidre pétillant,14126.0,0.282,7.3,Très forte,Moyenne,B,2022,50,9.9,90.1,0.0,0.0
143,2022B1026,50001,3.9,1999.9,OK,Cidre pétillant,13814.0,0.276,8.26,Très forte,Forte,B,2022,50,9.4,90.6,0.0,0.0
144,2022B1034,50127,4.1,1998.4,OK,Cidre pétillant,12211.0,0.244,13.2,Très forte,Moyenne,B,2022,50,16.1,83.9,0.0,0.0
145,2022B1042,50175,4.2,1999.1,OK,Cidre pétillant,12013.0,0.239,7.85,Très forte,Moyenne,B,2022,50,14.9,85.1,0.0,0.0
146,2022B1044,50011,4.0,1999.7,OK,Cidre de glace,4151.0,0.083,26.92,Très forte,Faible,B,2022,50,4.7,95.3,0.0,0.0
147,2022B1052,50149,4.1,2000.8,OK,Cidre de glace,5036.0,0.1,32.23,Très forte,Faible,B,2022,50,10.5,89.5,0.0,0.0
148,2022B1060,49977,4.1,2000.7,OK,Cidre de glace,5442.0,0.109,27.27,Très forte,Très faible,B,2022,50,2.2,97.8,0.0,0.0
149,2022B1068,50187,4.0,1996.8,OK,Cidre de glace,4481.0,0.089,24.06,Très forte,Moyenne,B,2022,50,6.5,93.5,0.0,0.0
150,2022B1076,50014,3.9,1999.7,OK,Cidre de glace,2495.0,0.05,30.91,Très forte,Moyenne,B,2022,50,11.2,88.8,0.0,0.0
151,2012C1003,29955,4.2,2002.6,OK,Cidre tranquille,21339.0,0.712,8.64,Très forte,Très forte,C,2012,30,0.0,7.1,92.9,0.0
152,2012C1007,30074,4.1,2004.5,OK,Cidre pétillant,9891.0,0.329,7.87,Forte,Très forte,C,2012,30,0.0,24.2,75.8,0.0
153,2012C1020,30025,3.8,2001.9,OK,Cidre de glace,4080.0,0.136,27.34,Très forte,Très forte,C,2012,30,0.0,5.6,94.4,0.0
154,2012C1028,30057,4.0,2000.8,OK,Cidre de glace,2995.0,0.1,27.3,Très forte,Très forte,C,2012,30,0.0,14.7,85.3,0.0
155,2013C1003,29910,3.9,2005.2,OK,Cidre tranquille,19691.0,0.658,4.59,Très forte,Très forte,C,2013,30,0.0,11.5,88.5,0.0
156,2013C1009,30026,4.1,2001.2,OK,Cidre pétillant,10626.0,0.354,10.92,Très forte,Forte,C,2013,30,0.0,9.0,91.0,0.0
157,2013C1017,29907,4.0,1997.9,OK,Cidre pétillant,10324.0,0.345,11.39,Très forte,Très forte,C,2013,30,0.0,0.0,100.0,0.0
158,2013C1021,29984,4.2,2000.9,OK,Cidre de glace,3575.0,0.119,24.31,Très forte,Très forte,C,2013,30,0.0,12.2,87.8,0.0
159,2013C1029,29922,3.8,1996.8,OK,Cidre de glace,2385.0,0.08,34.35,Très forte,Forte,C,2013,30,0.0,5.1,94.9,0.0
160,2014C1003,29903,4.1,1999.0,OK,Cidre tranquille,18983.0,0.635,6.08,Très forte,Forte,C,2014,30,0.0,13.0,87.0,0.0
161,2014C1009,30059,4.1,2003.9,OK,Cidre pétillant,8617.0,0.287,8.5,Très forte,Forte,C,2014,30,0.0,12.2,87.8,0.0
162,2014C1017,30132,4.0,1999.1,OK,Cidre pétillant,9563.0,0.317,9.98,Forte,Très forte,C,2014,30,0.0,5.2,94.8,0.0
163,2014C1021,30036,4.0,1996.8,OK,Cidre de glace,3466.0,0.115,26.46,Très forte,Très forte,C,2014,30,0.0,8.4,91.6,0.0
164,2014C1029,29884,3.9,1996.1,OK,Cidre de glace,3116.0,0.104,23.25,Très forte,Très forte,C,2014,30,0.0,4.0,96.0,0.0
165,2015C1003,29899,3.9,2001.4,OK,Cidre tranquille,20077.0,0.671,5.46,Très forte,Très forte,C,2015,30,0.0,16.2,83.8,0.0
166,2015C1011,29949,3.8,1998.8,OK,Cidre pétillant,9741.0,0.325,8.3,Très forte,Très forte,C,2015,30,0.0,17.5,82.5,0.0
167,2015C1019,30109,4.1,1997.6,OK,Cidre pétillant,10892.0,0.362,9.22,Très forte,Forte,C,2015,30,0.0,10.8,89.2,0.0
168,2015C1025,30039,4.2,2000.5,OK,Cidre pétillant,9318.0,0.31,14.76,Très forte,Très forte,C,2015,30,0.0,12.5,87.5,0.0
169,2015C1028,30052,4.1,2001.3,OK,Cidre de glace,3507.0,0.117,35.44,Très forte,Très forte,C,2015,30,0.0,12.4,87.6,0.0
170,2015C1036,30064,4.0,1997.1,OK,Cidre de glace,4012.0,0.133,30.74,Très forte,Forte,C,2015,30,0.0,1.9,98.1,0.0
171,2015C1044,30099,3.8,1998.0,OK,Cidre de glace,2148.0,0.071,33.84,Très forte,Très forte,C,2015,30,0.0,7.3,92.7,0.0
172,2016C1003,30071,3.9,2000.6,OK,Cidre tranquille,19670.0,0.654,6.29,Très forte,Très forte,C,2016,30,0.0,10.5,89.5,0.0
173,2016C1011,30030,4.0,1996.8,OK,Cidre pétillant,10590.0,0.353,6.53,Très forte,Très forte,C,2016,30,0.0,0.5,99.5,0.0
174,2016C1019,29929,3.9,2000.4,OK,Cidre pétillant,9240.0,0.309,7.82,Très forte,Forte,C,2016,30,0.0,8.3,91.7,0.0
175,2016C1025,30048,3.9,1998.6,OK,Cidre pétillant,9431.0,0.314,13.5,Très forte,Très forte,C,2016,30,0.0,0.0,100.0,0.0
176,2016C1028,29916,4.0,1999.5,OK,Cidre de glace,3581.0,0.12,27.1,Très forte,Très forte,C,2016,30,0.0,0.0,97.1,0.0
177,2016C1036,29874,4.1,2001.8,OK,Cidre de glace,4467.0,0.15,29.29,Très forte,Très forte,C,2016,30,0.0,12.1,87.9,0.0
178,2016C1044,29906,3.9,1999.2,OK,Cidre de glace,3746.0,0.125,25.9,Très forte,Très forte,C,2016,30,0.0,7.4,92.6,0.0
179,2017C1003,29995,4.0,1999.3,OK,Cidre tranquille,20306.0,0.677,4.91,Très forte,Très forte,C,2017,30,0.0,7.6,92.4,0.0
180,2017C1009,29959,3.9,2002.1,OK,Cidre tranquille,20678.0,0.69,5.63,Forte,Très forte,C,2017,30,0.0,12.2,87.8,0.0
181,2017C1012,29823,4.1,1997.3,OK,Cidre pétillant,10906.0,0.366,14.33,Très forte,Très forte,C,2017,30,0.0,0.0,100.0,0.0
182,2017C1020,30197,4.1,1999.7,OK,Cidre pétillant,10908.0,0.361,10.5,Forte,Très forte,C,2017,30,0.0,12.9,87.1,0.0
183,2017C1026,29938,4.0,2000.3,OK,Cidre pétillant,9832.0,0.328,12.33,Très forte,Très forte,C,2017,30,0.0,10.2,89.8,0.0
184,2017C1029,30136,3.9,1999.7,OK,Cidre pétillant,10576.0,0.351,6.25,Très forte,Très forte,C,2017,30,0.0,13.4,86.6,0.0
185,2017C1032,29944,4.1,2001.7,OK,Cidre de glace,4453.0,0.149,31.55,Très forte,Très forte,C,2017,30,0.0,10.1,89.9,0.0
186,2017C1040,30098,3.9,1998.7,OK,Cidre de glace,3170.0,0.105,22.79,Très forte,Très forte,C,2017,30,0.0,10.6,89.4,0.0
187,2017C1048,30146,4.1,1999.6,OK,Cidre de glace,4417.0,0.147,27.78,Très forte,Très forte,C,2017,30,0.0,10.5,89.5,0.0
188,2018C1003,29880,3.9,2000.3,OK,Cidre tranquille,19806.0,0.663,5.45,Forte,Très forte,C,2018,30,0.0,10.0,90.0,0.0
189,2018C1009,29969,4.1,1997.5,OK,Cidre tranquille,18677.0,0.623,6.39,Très forte,Très forte,C,2018,30,0.0,14.9,85.1,0.0
190,2018C1012,30153,4.1,1997.2,OK,Cidre pétillant,10649.0,0.353,9.39,Très forte,Très forte,C,2018,30,0.0,13.7,86.3,0.0
191,2018C1020,30038,3.8,1998.4,OK,Cidre pétillant,9144.0,0.304,8.85,Forte,Très forte,C,2018,30,0.0,0.0,100.0,0.0
192,2018C1026,30018,4.0,2001.6,OK,Cidre pétillant,9778.0,0.326,13.73,Forte,Très forte,C,2018,30,0.0,12.9,87.1,0.0
193,2018C1029,30179,4.0,1999.8,OK,Cidre pétillant,10538.0,0.349,13.27,Forte,Très forte,C,2018,30,0.0,6.0,94.0,0.0
194,2018C1032,30001,4.0,2001.0,OK,Cidre de glace,3729.0,0.124,27.11,Très forte,Très forte,C,2018,30,0.0,11.3,88.7,0.0
195,2018C1040,30016,4.1,2002.2,OK,Cidre de glace,3139.0,0.105,31.68,Très forte,Très forte,C,2018,30,0.0,8.7,91.3,0.0
196,2018C1048,29975,4.0,2004.1,OK,Cidre de glace,3977.0,0.133,25.42,Forte,Forte,C,2018,30,0.0,7.7,92.3,0.0
197,2019C1002,30030,3.9,2001.3,OK,Cidre tranquille,20687.0,0.689,8.49,Forte,Très forte,C,2019,30,0.0,7.3,92.7,0.0
198,2019C1009,29937,3.8,2002.7,OK,Cidre tranquille,20425.0,0.682,6.99,Très forte,Très forte,C,2019,30,0.0,2.7,97.3,0.0
199,2019C1014,29964,4.1,1999.2,OK,Cidre pétillant,10159.0,0.339,11.88,Très forte,Très forte,C,2019,30,0.0,7.0,93.0,0.0
200,2019C1022,29979,4.0,2002.5,OK,Cidre pétillant,11043.0,0.368,8.91,Très forte,Très forte,C,2019,30,0.0,11.7,88.3,0.0
201,2019C1028,29967,3.8,2000.4,OK,Cidre pétillant,9556.0,0.319,13.07,Très forte,Très forte,C,2019,30,0.0,18.0,82.0,0.0
202,2019C1031,29789,3.9,1999.9,OK,Cidre pétillant,8461.0,0.284,7.24,Forte,Très forte,C,2019,30,0.0,3.2,96.8,0.0
203,2019C1036,30016,4.1,1997.5,OK,Cidre de glace,3535.0,0.118,27.11,Forte,Très forte,C,2019,30,0.0,13.9,86.1,0.0
204,2019C1044,30146,3.8,1999.4,OK,Cidre de glace,4513.0,0.15,34.33,Forte,Très forte,C,2019,30,0.0,12.0,88.0,0.0
205,2019C1052,30068,4.0,2001.2,OK,Cidre de glace,5000.0,0.166,27.42,Très forte,Très forte,C,2019,30,0.0,20.5,79.5,0.0
206,2020C1002,29979,3.9,1998.7,OK,Cidre tranquille,19606.0,0.654,5.77,Très forte,Très forte,C,2020,30,0.0,7.7,92.3,0.0
207,2020C1009,29971,3.9,2002.3,OK,Cidre tranquille,20351.0,0.679,6.33,Très forte,Très forte,C,2020,30,0.0,17.5,82.5,0.0
208,2020C1014,30070,4.0,2001.9,OK,Cidre tranquille,21194.0,0.705,6.25,Très forte,Très forte,C,2020,30,0.0,17.5,82.5,0.0
209,2020C1017,30055,3.9,1997.9,OK,Cidre pétillant,10221.0,0.34,10.93,Très forte,Très forte,C,2020,30,0.0,8.8,91.2,0.0
210,2020C1025,30103,3.9,2003.1,OK,Cidre pétillant,10011.0,0.333,7.34,Très forte,Très forte,C,2020,30,0.0,13.7,86.3,0.0
211,2020C1033,29980,4.0,1998.1,OK,Cidre pétillant,10010.0,0.334,10.79,Forte,Très forte,C,2020,30,0.0,16.6,83.4,0.0
212,2020C1038,29816,4.1,1999.6,OK,Cidre de glace,3684.0,0.124,29.51,Très forte,Très forte,C,2020,30,0.0,10.0,90.0,0.0
213,2020C1046,29952,4.0,2000.0,OK,Cidre de glace,2920.0,0.097,30.9,Très forte,Très forte,C,2020,30,0.0,17.4,82.6,0.0
214,2020C1054,29870,4.1,2002.4,OK,Cidre de glace,2703.0,0.09,31.49,Très forte,Très forte,C,2020,30,0.0,19.1,80.9,0.0
215,2020C1062,29979,3.9,2001.2,OK,Cidre de glace,3725.0,0.124,28.47,Très forte,Très forte,C,2020,30,0.0,13.7,86.3,0.0
216,2021C1003,29897,4.0,1996.0,OK,Cidre tranquille,20246.0,0.677,6.33,Très forte,Très forte,C,2021,30,0.0,3.0,97.0,0.0
217,2021C1010,29874,3.9,2001.1,OK,Cidre tranquille,19136.0,0.641,5.98,Très forte,Très forte,C,2021,30,0.0,7.8,92.2,0.0
218,2021C1016,29878,4.1,1998.8,OK,Cidre pétillant,10788.0,0.361,8.3,Très forte,Forte,C,2021,30,0.0,9.0,91.0,0.0
219,2021C1024,30019,4.0,1995.9,OK,Cidre pétillant,10317.0,0.344,14.42,Forte,Très forte,C,2021,30,0.0,9.3,90.7,0.0
220,2021C1032,29938,4.1,1998.7,OK,Cidre pétillant,9854.0,0.329,8.23,Très forte,Forte,C,2021,30,0.0,15.1,84.9,0.0
221,2021C1042,29992,4.2,1999.5,OK,Cidre de glace,3741.0,0.125,29.06,Forte,Forte,C,2021,30,0.0,16.8,83.2,0.0
222,2021C1050,30169,4.1,2001.5,OK,Cidre de glace,3156.0,0.105,28.39,Très forte,Forte,C,2021,30,0.0,11.0,89.0,0.0
223,2021C1058,29944,3.9,1999.5,OK,Cidre de glace,4085.0,0.136,28.28,Très forte,Très forte,C,2021,30,0.0,2.6,97.4,0.0
224,2021C1066,29894,4.0,1999.6,OK,Cidre de glace,3808.0,0.127,26.48,Très forte,Très forte,C,2021,30,0.0,12.5,87.5,0.0
225,2022C1003,30036,3.9,1998.6,OK,Cidre tranquille,19955.0,0.664,7.36,Forte,Très forte,C,2022,30,0.0,11.1,88.9,0.0
226,2022C1010,30081,4.0,1998.0,OK,Cidre tranquille,19755.0,0.657,8.01,Très forte,Très forte,C,2022,30,0.0,11.9,88.1,0.0
227,2022C1019,30086,4.2,1999.3,OK,Cidre pétillant,9703.0,0.323,11.27,Très forte,Très forte,C,2022,30,0.0,11.7,88.3,0.0
228,2022C1027,30182,3.9,2000.6,OK,Cidre pétillant,10076.0,0.334,11.84,Très forte,Très forte,C,2022,30,0.0,12.4,87.6,0.0
229,2022C1035,30024,4.0,1998.7,OK,Cidre pétillant,9722.0,0.324,5.63,Très forte,Très forte,C,2022,30,0.0,5.0,95.0,0.0
230,2022C1045,29940,4.1,1999.0,OK,Cidre de glace,4205.0,0.14,26.57,Très forte,Très forte,C,2022,30,0.0,15.5,84.5,0.0
231,2022C1053,30087,4.0,1997.1,OK,Cidre de glace,3012.0,0.1,31.48,Forte,Très forte,C,2022,30,0.0,13.1,86.9,0.0
232,2022C1061,30046,4.0,2004.8,OK,Cidre de glace,3578.0,0.119,26.46,Très forte,Très forte,C,2022,30,0.0,19.0,81.0,0.0
233,2022C1069,29887,4.1,1998.1,OK,Cidre de glace,4578.0,0.153,40.25,Très forte,Très forte,C,2022,30,0.0,11.2,88.8,0.0
234,2022C1077,30176,3.9,2000.5,OK,Cidre de glace,3948.0,0.131,28.29,Forte,Très forte,C,2022,30,0.0,7.7,92.3,0.0
235,2012D1004,20043,3.9,2001.9,OK,Cidre tranquille,10802.0,0.539,6.29,Moyenne,Faible,D,2012,20,15.5,0.0,0.0,84.5
236,2012D1008,19833,4.0,2001.4,OK,Cidre pétillant,5377.0,0.271,13.0,Moyenne,Très faible,D,2012,20,2.3,0.0,0.0,97.7
237,2012D1014,20084,4.0,2003.2,OK,Cidre pétillant,5203.0,0.259,12.61,Faible,Très faible,D,2012,20,13.7,0.0,0.0,86.3
238,2012D1021,19985,4.0,1997.6,OK,Cidre de glace,2298.0,0.115,32.55,Forte,Très faible,D,2012,20,12.4,0.0,0.0,87.6
239,2012D1029,19830,3.9,1998.9,OK,Cidre de glace,2151.0,0.108,26.61,Moyenne,Très faible,D,2012,20,12.6,0.0,0.0,87.4
240,2013D1004,20122,4.1,1999.3,OK,Cidre tranquille,11126.0,0.553,5.04,Moyenne,Absente,D,2013,20,6.5,0.0,0.0,93.5
241,2013D1010,19984,4.0,2000.3,OK,Cidre pétillant,5398.0,0.27,10.82,Moyenne,Très faible,D,2013,20,20.0,0.0,0.0,80.0
242,2013D1018,20049,4.1,2001.0,OK,Cidre pétillant,5600.0,0.279,13.54,Moyenne,Très faible,D,2013,20,11.5,0.0,0.0,88.5
243,2013D1022,20092,4.0,2000.8,OK,Cidre de glace,1939.0,0.097,33.49,Forte,Très faible,D,2013,20,11.0,0.0,0.0,89.0
244,2013D1030,19966,3.9,2000.3,OK,Cidre de glace,2548.0,0.128,34.62,Moyenne,Absente,D,2013,20,12.9,0.0,0.0,87.1
245,2014D1004,19914,3.9,2002.9,OK,Cidre tranquille,10751.0,0.54,6.57,Moyenne,Très faible,D,2014,20,12.0,0.0,0.0,88.0
246,2014D1010,19966,4.1,2002.8,OK,Cidre pétillant,6346.0,0.318,11.12,Forte,Absente,D,2014,20,17.2,0.0,0.0,82.8
247,2014D1018,20171,3.9,2001.5,OK,Cidre pétillant,5236.0,0.26,12.33,Forte,Très faible,D,2014,20,2.7,0.0,0.0,97.3
248,2014D1022,20067,3.9,1999.3,OK,Cidre de glace,2036.0,0.101,32.68,Moyenne,Faible,D,2014,20,5.7,0.0,0.0,94.3
249,2014D1030,19940,4.0,2001.3,OK,Cidre de glace,1222.0,0.061,28.76,Faible,Faible,D,2014,20,11.0,0.0,0.0,89.0
250,2015D1004,19890,4.1,2001.3,OK,Cidre tranquille,10779.0,0.542,6.29,Moyenne,Faible,D,2015,20,15.2,0.0,0.0,84.8
251,2015D1012,20127,3.9,2002.7,OK,Cidre pétillant,5180.0,0.257,8.78,Moyenne,Très faible,D,2015,20,6.4,0.0,0.0,93.6
252,2015D1020,20107,4.1,1998.3,OK,Cidre pétillant,5082.0,0.253,9.12,Moyenne,Très faible,D,2015,20,12.4,0.0,0.0,87.6
253,2015D1029,19927,4.1,1999.8,OK,Cidre de glace,2470.0,0.124,28.4,Moyenne,Faible,D,2015,20,9.5,0.0,0.0,90.5
254,2015D1037,19964,4.1,2003.1,OK,Cidre de glace,1288.0,0.065,21.56,Forte,Très faible,D,2015,20,13.8,0.0,0.0,86.2
255,2015D1045,20277,4.1,1999.2,OK,Cidre de glace,1991.0,0.098,28.23,Moyenne,Très faible,D,2015,20,0.2,0.0,0.0,99.8
256,2016D1004,20070,3.8,1999.4,OK,Cidre tranquille,11097.0,0.553,4.81,Faible,Très faible,D,2016,20,8.7,0.0,0.0,91.3
257,2016D1012,19980,4.1,1995.5,OK,Cidre pétillant,5919.0,0.296,5.54,Moyenne,Très faible,D,2016,20,12.7,0.0,0.0,87.3
258,2016D1020,19956,3.9,1996.4,OK,Cidre pétillant,5062.0,0.254,12.35,Moyenne,Faible,D,2016,20,0.0,0.0,0.0,100.0
259,2016D1029,19919,3.9,1997.5,OK,Cidre de glace,1976.0,0.099,25.25,Moyenne,Absente,D,2016,20,11.1,0.0,0.0,88.9
260,2016D1037,19912,4.0,2001.1,OK,Cidre de glace,1457.0,0.073,22.56,Moyenne,Très faible,D,2016,20,15.0,0.0,0.0,85.0
261,2016D1045,20159,4.2,2000.2,OK,Cidre de glace,2092.0,0.104,28.56,Moyenne,Très faible,D,2016,20,12.9,0.0,0.0,87.1
262,2017D1004,19866,4.0,2002.0,OK,Cidre tranquille,10667.0,0.537,9.26,Moyenne,Absente,D,2017,20,11.2,0.0,0.0,88.8
263,2017D1013,19955,4.0,1999.3,OK,Cidre pétillant,4796.0,0.24,9.18,Forte,Très faible,D,2017,20,9.2,0.0,0.0,90.8
264,2017D1021,19956,4.1,2000.5,OK,Cidre pétillant,5017.0,0.251,10.75,Moyenne,Très faible,D,2017,20,7.9,0.0,0.0,92.1
265,2017D1027,19831,4.1,1999.8,OK,Cidre pétillant,5332.0,0.269,24.01,Moyenne,Très faible,D,2017,20,13.4,0.0,0.0,86.6
266,2017D1033,20161,4.1,2003.9,OK,Cidre de glace,2206.0,0.109,37.27,Moyenne,Très faible,D,2017,20,14.0,0.0,0.0,86.0
267,2017D1041,20031,4.0,2000.6,OK,Cidre de glace,1555.0,0.078,27.01,Moyenne,Très faible,D,2017,20,7.7,0.0,0.0,92.3
268,2017D1049,20049,3.9,2001.8,OK,Cidre de glace,2617.0,0.131,29.29,Forte,Très faible,D,2017,20,11.8,0.0,0.0,88.2
269,2018D1004,20055,3.7,2000.5,OK,Cidre tranquille,11166.0,0.557,6.74,Moyenne,Très faible,D,2018,20,6.3,0.0,0.0,93.7
270,2018D1013,20193,4.0,2000.2,OK,Cidre pétillant,5340.0,0.264,9.98,Moyenne,Absente,D,2018,20,12.7,0.0,0.0,87.3
271,2018D1021,19827,3.9,1996.1,OK,Cidre pétillant,6112.0,0.308,10.67,Faible,Très faible,D,2018,20,0.0,0.0,0.0,100.0
272,2018D1027,19930,3.9,1999.7,OK,Cidre pétillant,5980.0,0.3,10.0,Moyenne,Très faible,D,2018,20,7.9,0.0,0.0,92.1
273,2018D1033,20169,3.9,1999.6,OK,Cidre de glace,2329.0,0.115,22.93,Moyenne,Très faible,D,2018,20,11.0,0.0,0.0,89.0
274,2018D1041,19911,4.0,2000.8,OK,Cidre de glace,1763.0,0.089,30.51,Moyenne,Absente,D,2018,20,15.5,0.0,0.0,84.5
275,2018D1049,20105,3.9,1998.6,OK,Cidre de glace,2079.0,0.103,28.23,Moyenne,Faible,D,2018,20,11.0,0.0,0.0,89.0
276,2019D1003,20090,4.0,2001.5,OK,Cidre tranquille,10791.0,0.537,5.2,Moyenne,Absente,D,2019,20,9.5,0.0,0.0,90.5
277,2019D1010,19880,4.1,2002.6,OK,Cidre tranquille,10808.0,0.544,4.88,Faible,Absente,D,2019,20,11.0,0.0,0.0,89.0
278,2019D1015,19862,4.2,2002.3,OK,Cidre pétillant,4837.0,0.244,8.47,Forte,Faible,D,2019,20,9.3,0.0,0.0,90.7
279,2019D1023,19980,3.9,2000.6,OK,Cidre pétillant,4965.0,0.248,11.25,Moyenne,Très faible,D,2019,20,8.1,0.0,0.0,91.9
280,2019D1029,19976,4.0,1999.9,OK,Cidre pétillant,4994.0,0.25,9.85,Forte,Absente,D,2019,20,10.8,0.0,0.0,89.2
281,2019D1032,20107,4.0,1997.7,OK,Cidre pétillant,5035.0,0.25,8.64,Moyenne,Très faible,D,2019,20,5.2,0.0,0.0,94.8
282,2019D1037,19876,3.8,2000.6,OK,Cidre de glace,1247.0,0.063,31.67,Moyenne,Très faible,D,2019,20,8.2,0.0,0.0,91.8
283,2019D1045,19943,3.9,2002.5,OK,Cidre de glace,1674.0,0.084,35.35,Moyenne,Très faible,D,2019,20,6.1,0.0,0.0,93.9
284,2019D1053,20013,4.1,2000.4,OK,Cidre de glace,2195.0,0.11,22.9,Moyenne,Très faible,D,2019,20,3.9,0.0,0.0,96.1
285,2020D1003,19950,3.8,2001.5,OK,Cidre tranquille,9988.0,0.501,5.72,Moyenne,Très faible,D,2020,20,10.7,0.0,0.0,89.3
286,2020D1010,19766,4.0,2000.9,OK,Cidre tranquille,11216.0,0.567,5.89,Moyenne,Très faible,D,2020,20,0.6,0.0,0.0,99.4
287,2020D1018,19926,4.0,2000.5,OK,Cidre pétillant,5406.0,0.271,8.85,Moyenne,Très faible,D,2020,20,10.7,0.0,0.0,89.3
288,2020D1026,20169,4.1,1997.3,OK,Cidre pétillant,5342.0,0.265,11.04,Moyenne,Très faible,D,2020,20,12.9,0.0,0.0,87.1
289,2020D1034,19895,3.8,1999.4,OK,Cidre pétillant,5662.0,0.285,13.15,Moyenne,Très faible,D,2020,20,3.9,0.0,0.0,96.1
290,2020D1039,20014,4.2,2001.3,OK,Cidre de glace,1512.0,0.076,27.74,Moyenne,Faible,D,2020,20,15.9,0.0,0.0,84.1
291,2020D1047,19960,4.1,2002.9,OK,Cidre de glace,1827.0,0.092,29.46,Moyenne,Absente,D,2020,20,6.8,0.0,0.0,93.2
292,2020D1055,19828,4.2,1998.8,OK,Cidre de glace,1272.0,0.064,27.6,Forte,Très faible,D,2020,20,13.0,0.0,0.0,87.0
293,2020D1063,19933,4.1,1997.4,OK,Cidre de glace,2632.0,0.132,27.33,Faible,Très faible,D,2020,20,10.9,0.0,0.0,89.1
294,2021D1004,19954,4.0,1999.4,OK,Cidre tranquille,11133.0,0.558,7.0,Moyenne,Faible,D,2021,20,5.4,0.0,0.0,94.6
295,2021D1011,20183,4.0,2000.6,OK,Cidre tranquille,11251.0,0.557,7.35,Moyenne,Très faible,D,2021,20,4.6,0.0,0.0,95.4
296,2021D1017,20052,4.1,2002.9,OK,Cidre pétillant,5376.0,0.268,11.87,Moyenne,Absente,D,2021,20,7.3,0.0,0.0,92.7
297,2021D1025,20050,4.0,1998.4,OK,Cidre pétillant,5182.0,0.258,8.0,Moyenne,Très faible,D,2021,20,7.4,0.0,0.0,92.6
298,2021D1033,20044,4.0,1997.1,OK,Cidre pétillant,5959.0,0.297,11.78,Moyenne,Absente,D,2021,20,12.6,0.0,0.0,87.4
299,2021D1038,20098,4.1,2001.2,OK,Cidre pétillant,5724.0,0.285,6.48,Faible,Très faible,D,2021,20,5.9,0.0,0.0,94.1
300,2021D1043,20153,4.1,1996.9,OK,Cidre de glace,2764.0,0.137,28.26,Moyenne,Très faible,D,2021,20,11.8,0.0,0.0,88.2
301,2021D1051,19851,4.0,1999.0,OK,Cidre de glace,2257.0,0.114,38.03,Moyenne,Faible,D,2021,20,19.3,0.0,0.0,80.7
302,2021D1059,19876,4.0,1998.6,OK,Cidre de glace,2291.0,0.115,23.57,Moyenne,Très faible,D,2021,20,7.3,0.0,0.0,92.7
303,2021D1067,20096,3.9,2000.8,OK,Cidre de glace,1927.0,0.096,25.2,Faible,Faible,D,2021,20,14.5,0.0,0.0,85.5
304,2022D1004,19879,4.2,2001.1,OK,Cidre tranquille,10687.0,0.538,6.07,Forte,Faible,D,2022,20,8.7,0.0,0.0,91.3
305,2022D1011,20073,4.1,2003.9,OK,Cidre tranquille,11558.0,0.576,5.77,Moyenne,Très faible,D,2022,20,5.9,0.0,0.0,94.1
306,2022D1020,20123,4.1,2000.7,OK,Cidre pétillant,5714.0,0.284,7.55,Moyenne,Faible,D,2022,20,16.9,0.0,0.0,83.1
307,2022D1028,19875,3.8,2001.5,OK,Cidre pétillant,5759.0,0.29,10.08,Moyenne,Faible,D,2022,20,4.8,0.0,0.0,95.2
308,2022D1036,19991,4.0,1999.0,OK,Cidre pétillant,5409.0,0.271,8.04,Moyenne,Très faible,D,2022,20,11.5,0.0,0.0,88.5
309,2022D1046,19990,3.9,1998.7,OK,Cidre de glace,932.0,0.047,26.07,Faible,Très faible,D,2022,20,5.7,0.0,0.0,94.3
310,2022D1054,19928,3.9,1999.5,OK,Cidre de glace,2338.0,0.117,23.44,Faible,Très faible,D,2022,20,8.3,0.0,0.0,91.7
311,2022D1062,19855,4.2,2001.3,OK,Cidre de glace,1430.0,0.072,35.81,Moyenne,Très faible,D,2022,20,2.2,0.0,0.0,97.8
312,2022D1070,20103,4.0,1997.0,OK,Cidre de glace,1319.0,0.066,32.44,Moyenne,Très faible,D,2022,20,13.8,0.0,0.0,86.2
313,2022D1078,20032,3.9,2001.3,OK,Cidre de glace,2063.0,0.103,25.34,Forte,Absente,D,2022,20,2.3,0.0,0.0,97.7
314,2012E1009,9943,3.9,1999.0,OK,Cidre pétillant,2809.0,0.283,12.24,Forte,Très faible,E,2012,10,0.0,0.0,0.0,100.0
315,2012E1015,9989,3.8,1999.5,OK,Cidre pétillant,2654.0,0.266,6.93,Moyenne,Très faible,E,2012,10,0.0,0.0,0.0,100.0
316,2012E1016,9968,4.0,1998.9,OK,Cidre pétillant,2858.0,0.287,7.78,Moyenne,Très faible,E,2012,10,100.0,0.0,0.0,100.0
317,2012E1022,10217,4.2,2003.6,OK,Cidre de glace,1013.0,0.099,29.2,Moyenne,Très faible,E,2012,10,0.0,0.0,0.0,100.0
318,2012E1030,10078,4.1,2000.0,OK,Cidre de glace,929.0,0.092,32.5,Moyenne,Très faible,E,2012,10,0.0,0.0,0.0,100.0
319,2013E1005,9953,3.9,2001.1,OK,Cidre tranquille,5373.0,0.54,7.02,Moyenne,Faible,E,2013,10,0.0,0.0,0.0,100.0
320,2013E1011,10035,4.1,1999.1,OK,Cidre pétillant,2562.0,0.255,7.44,Faible,Absente,E,2013,10,0.0,0.0,0.0,100.0
321,2013E1023,9860,3.9,1998.9,OK,Cidre de glace,620.0,0.063,23.39,Faible,Absente,E,2013,10,0.0,0.0,0.0,100.0
322,2013E1031,9938,3.9,1996.9,OK,Cidre de glace,995.0,0.1,24.41,Forte,Très faible,E,2013,10,0.0,0.0,0.0,100.0
323,2014E1005,9932,4.0,2000.0,OK,Cidre tranquille,5307.0,0.534,6.31,Moyenne,Absente,E,2014,10,0.0,0.0,0.0,100.0
324,2014E1011,10040,3.9,1999.7,OK,Cidre pétillant,2485.0,0.248,13.97,Moyenne,Très faible,E,2014,10,0.0,0.0,0.0,100.0
325,2014E1023,9930,4.0,1997.7,OK,Cidre de glace,978.0,0.098,29.55,Moyenne,Faible,E,2014,10,0.0,0.0,0.0,100.0
326,2014E1031,10022,4.0,1998.5,OK,Cidre de glace,781.0,0.078,35.88,Forte,Absente,E,2014,10,0.0,0.0,0.0,100.0
327,2015E1005,9965,4.0,1997.4,OK,Cidre tranquille,5345.0,0.536,6.01,Moyenne,Très faible,E,2015,10,0.0,0.0,0.0,100.0
328,2015E1013,9846,4.0,2000.5,OK,Cidre pétillant,2448.0,0.249,9.73,Moyenne,Faible,E,2015,10,0.0,0.0,0.0,100.0
329,2015E1021,10037,3.8,2003.6,OK,Cidre pétillant,2949.0,0.294,11.79,Moyenne,Très faible,E,2015,10,0.0,0.0,0.0,100.0
330,2015E1030,10133,4.1,1999.3,OK,Cidre de glace,910.0,0.09,31.01,Forte,Très faible,E,2015,10,0.0,0.0,0.0,100.0
331,2015E1038,10021,4.0,1998.8,OK,Cidre de glace,1343.0,0.134,36.15,Moyenne,Très faible,E,2015,10,0.0,0.0,0.0,100.0
332,2015E1046,10135,4.0,2000.1,OK,Cidre de glace,1359.0,0.134,29.16,Moyenne,Absente,E,2015,10,0.0,0.0,0.0,100.0
333,2016E1005,9895,4.0,1999.1,OK,Cidre tranquille,5129.0,0.518,6.53,Faible,Absente,E,2016,10,0.0,0.0,0.0,100.0
334,2016E1013,10048,3.9,1999.0,OK,Cidre pétillant,2721.0,0.271,12.92,Forte,Très faible,E,2016,10,0.0,0.0,0.0,100.0
335,2016E1021,9783,4.0,2001.4,OK,Cidre pétillant,2511.0,0.257,9.06,Moyenne,Très faible,E,2016,10,0.0,0.0,0.0,100.0
336,2016E1030,9973,3.9,2001.5,OK,Cidre de glace,525.0,0.053,36.34,Moyenne,Très faible,E,2016,10,0.0,0.0,0.0,100.0
337,2016E1038,10018,3.7,2002.1,OK,Cidre de glace,1372.0,0.137,33.21,Moyenne,Très faible,E,2016,10,0.0,0.0,0.0,100.0
338,2016E1046,10032,4.0,2000.7,OK,Cidre de glace,830.0,0.083,31.51,Moyenne,Très faible,E,2016,10,0.0,0.0,0.0,100.0
339,2017E1005,10027,4.0,1999.9,OK,Cidre tranquille,5424.0,0.541,5.37,Moyenne,Très faible,E,2017,10,0.0,0.0,0.0,100.0
340,2017E1014,10036,3.8,2004.4,OK,Cidre pétillant,2716.0,0.271,7.34,Moyenne,Très faible,E,2017,10,0.0,0.0,0.0,100.0
341,2017E1022,10076,4.0,1998.9,OK,Cidre pétillant,2649.0,0.263,9.04,Moyenne,Faible,E,2017,10,0.0,0.0,0.0,100.0
342,2017E1028,9984,3.9,2000.9,OK,Cidre pétillant,2530.0,0.253,11.44,Forte,Très faible,E,2017,10,0.0,0.0,0.0,100.0
343,2017E1034,9899,4.0,1999.1,OK,Cidre de glace,1158.0,0.117,34.18,Faible,Faible,E,2017,10,0.0,0.0,0.0,100.0
344,2017E1042,9916,4.0,2000.0,OK,Cidre de glace,891.0,0.09,29.28,Moyenne,Très faible,E,2017,10,0.0,0.0,0.0,100.0
345,2018E1005,9804,3.9,1996.1,OK,Cidre tranquille,5291.0,0.54,6.59,Moyenne,Très faible,E,2018,10,0.0,0.0,0.0,100.0
346,2018E1014,9982,4.0,2002.4,OK,Cidre pétillant,2633.0,0.264,9.38,Moyenne,Absente,E,2018,10,0.0,0.0,0.0,100.0
347,2018E1022,10030,4.1,2004.0,OK,Cidre pétillant,2545.0,0.254,10.41,Moyenne,Très faible,E,2018,10,0.0,0.0,0.0,100.0
348,2018E1028,10088,3.9,1998.8,OK,Cidre pétillant,2884.0,0.286,12.6,Faible,Très faible,E,2018,10,0.0,0.0,0.0,100.0
349,2018E1034,10123,3.9,2001.8,OK,Cidre de glace,857.0,0.085,25.35,Moyenne,Très faible,E,2018,10,0.0,0.0,0.0,100.0
350,2018E1042,9980,3.9,2001.0,OK,Cidre de glace,1381.0,0.138,30.81,Forte,Très faible,E,2018,10,0.0,0.0,0.0,100.0
351,2019E1004,9712,3.7,1999.1,OK,Cidre tranquille,4921.0,0.507,4.51,Moyenne,Très faible,E,2019,10,0.0,0.0,0.0,100.0
352,2019E1011,10074,4.1,2001.8,OK,Cidre tranquille,5355.0,0.532,6.49,Moyenne,Très faible,E,2019,10,0.0,0.0,0.0,100.0
353,2019E1016,10059,4.1,1997.4,OK,Cidre pétillant,2842.0,0.283,10.69,Moyenne,Très faible,E,2019,10,0.0,0.0,0.0,100.0
354,2019E1024,10171,4.1,2000.8,OK,Cidre pétillant,2693.0,0.265,14.86,Moyenne,Faible,E,2019,10,0.0,0.0,0.0,100.0
355,2019E1030,10026,3.9,2002.0,OK,Cidre pétillant,2398.0,0.239,12.16,Moyenne,Très faible,E,2019,10,0.0,0.0,0.0,100.0
356,2019E1033,9919,4.0,1998.7,OK,Cidre pétillant,2476.0,0.25,8.05,Moyenne,Très faible,E,2019,10,0.0,0.0,0.0,100.0
357,2019E1038,9986,4.0,2001.0,OK,Cidre de glace,993.0,0.099,36.58,Forte,Faible,E,2019,10,0.0,0.0,0.0,100.0
358,2019E1046,10087,4.1,1998.7,OK,Cidre de glace,1122.0,0.111,36.5,Faible,Très faible,E,2019,10,0.0,0.0,0.0,100.0
359,2019E1054,9991,4.1,1997.7,OK,Cidre de glace,888.0,0.089,27.21,Moyenne,Très faible,E,2019,10,0.0,0.0,0.0,100.0
360,2020E1004,9983,4.2,1999.0,OK,Cidre tranquille,5369.0,0.538,6.87,Forte,Faible,E,2020,10,0.0,0.0,0.0,100.0
361,2020E1011,10021,4.1,2003.1,OK,Cidre tranquille,5610.0,0.56,5.69,Moyenne,Très faible,E,2020,10,0.0,0.0,0.0,100.0
362,2020E1019,9913,4.0,1997.5,OK,Cidre pétillant,2808.0,0.283,8.09,Moyenne,Absente,E,2020,10,0.0,0.0,0.0,100.0
363,2020E1027,9912,4.0,2000.4,OK,Cidre pétillant,2590.0,0.261,12.28,Moyenne,Très faible,E,2020,10,0.0,0.0,0.0,100.0
364,2020E1035,10002,3.9,2003.0,OK,Cidre pétillant,2590.0,0.259,7.98,Moyenne,Très faible,E,2020,10,0.0,0.0,0.0,100.0
365,2020E1040,9980,4.0,2000.6,OK,Cidre de glace,839.0,0.084,21.07,Faible,Absente,E,2020,10,0.0,0.0,0.0,100.0
366,2020E1048,10227,3.9,1999.5,OK,Cidre de glace,980.0,0.096,33.84,Moyenne,Absente,E,2020,10,0.0,0.0,0.0,100.0
367,2020E1056,9873,3.8,1997.9,OK,Cidre de glace,863.0,0.087,31.67,Moyenne,Faible,E,2020,10,0.0,0.0,0.0,100.0
368,2020E1064,9970,4.1,1999.0,OK,Cidre de glace,1237.0,0.124,34.01,Moyenne,Très faible,E,2020,10,0.0,0.0,0.0,100.0
369,2021E1005,10059,4.1,2002.4,OK,Cidre tranquille,5360.0,0.533,7.8,Moyenne,Très faible,E,2021,10,0.0,0.0,0.0,100.0
370,2021E1012,10126,4.0,1999.5,OK,Cidre tranquille,5284.0,0.522,6.31,Forte,Absente,E,2021,10,0.0,0.0,0.0,100.0
371,2021E1018,10081,3.9,2000.15,OK,Cidre pétillant,2832.0,0.281,7.05,Moyenne,Très faible,E,2021,10,0.0,0.0,0.0,100.0
372,2021E1026,9962,3.9,2000.8,OK,Cidre pétillant,2624.0,0.263,8.51,Moyenne,Très faible,E,2021,10,0.0,0.0,0.0,100.0
373,2021E1034,9987,4.0,1997.9,OK,Cidre pétillant,2732.0,0.274,7.45,Faible,Très faible,E,2021,10,0.0,0.0,0.0,100.0
374,2021E1039,10091,3.7,2002.0,OK,Cidre pétillant,2546.0,0.252,8.72,Moyenne,Très faible,E,2021,10,0.0,0.0,0.0,100.0
375,2021E1044,10187,3.9,2002.5,OK,Cidre de glace,986.0,0.097,32.62,Faible,Absente,E,2021,10,0.0,0.0,0.0,100.0
376,2021E1052,10142,4.0,2002.3,OK,Cidre de glace,1142.0,0.113,33.56,Moyenne,Très faible,E,2021,10,0.0,0.0,0.0,100.0
377,2021E1060,9959,4.1,2001.3,OK,Cidre de glace,1195.0,0.12,26.13,Moyenne,Absente,E,2021,10,0.0,0.0,0.0,100.0
378,2021E1068,9893,4.1,2000.7,OK,Cidre de glace,724.0,0.073,28.06,Moyenne,Très faible,E,2021,10,0.0,0.0,0.0,100.0
379,2022E1005,10188,3.9,1999.0,OK,Cidre tranquille,5550.0,0.545,5.34,Moyenne,Très faible,E,2022,10,0.0,0.0,0.0,100.0
380,2022E1012,9957,4.0,1997.0,OK,Cidre tranquille,5504.0,0.553,4.27,Moyenne,Faible,E,2022,10,0.0,0.0,0.0,100.0
381,2022E1021,9957,4.1,1998.4,OK,Cidre pétillant,2559.0,0.257,10.05,Faible,Très faible,E,2022,10,0.0,0.0,0.0,100.0
382,2022E1029,9886,3.9,1997.3,OK,Cidre pétillant,2753.0,0.278,6.96,Moyenne,Très faible,E,2022,10,0.0,0.0,0.0,100.0
383,2022E1037,10000,3.8,1997.1,OK,Cidre pétillant,2524.0,0.252,9.87,Moyenne,Très faible,E,2022,10,0.0,0.0,0.0,100.0
384,2022E1047,10073,4.0,1995.1,OK,Cidre de glace,1013.0,0.101,33.39,Forte,Faible,E,2022,10,0.0,0.0,0.0,100.0
385,2022E1055,9935,4.0,1998.2,OK,Cidre de glace,1040.0,0.105,32.3,Forte,Très faible,E,2022,10,0.0,0.0,0.0,100.0
386,2022E1063,9982,4.1,1998.9,OK,Cidre de glace,990.0,0.099,31.82,Moyenne,Très faible,E,2022,10,0.0,0.0,0.0,100.0
387,2022E1071,10142,4.0,1998.8,OK,Cidre de glace,1039.0,0.102,27.95,Moyenne,Très faible,E,2022,10,0.0,0.0,0.0,100.0
388,2022E1079,10055,4.0,2001.3,OK,Cidre de glace,877.0,0.087,26.49,Faible,Très faible,E,2022,10,0.0,0.0,0.0,100.0
389,2012F1010,10085,3.9,1997.2,OK,Cidre pétillant,3097.0,0.307,9.75,Très faible,Très forte,F,2012,10,100.0,0.0,0.0,0.0
390,2012F1017,9974,4.1,2000.7,OK,Cidre pétillant,2908.0,0.292,21.19,Très faible,Très forte,F,2012,10,100.0,0.0,0.0,0.0
391,2012F1023,10072,4.1,2001.1,OK,Cidre de glace,870.0,0.086,32.63,Très faible,Très forte,F,2012,10,100.0,0.0,0.0,0.0
392,2012F1031,9949,3.9,1998.1,OK,Cidre de glace,1216.0,0.122,22.33,Très faible,Très forte,F,2012,10,100.0,0.0,0.0,0.0
393,2013F1006,10055,4.0,1997.9,OK,Cidre tranquille,6187.0,0.615,5.58,Faible,Très forte,F,2013,10,100.0,0.0,0.0,0.0
394,2013F1012,10073,3.8,2000.4,OK,Cidre pétillant,3645.0,0.291,7.45,Très faible,Très forte,F,2013,10,100.0,0.0,0.0,0.0
395,2013F1024,9914,3.9,1999.9,OK,Cidre de glace,1103.0,0.111,36.33,Très faible,Très forte,F,2013,10,100.0,0.0,0.0,0.0
396,2013F1032,10086,3.9,1999.9,OK,Cidre de glace,1170.0,0.116,26.61,Très faible,Forte,F,2013,10,100.0,0.0,0.0,0.0
397,2014F1006,9763,4.0,2002.4,OK,Cidre tranquille,5690.0,0.583,8.34,Faible,Très forte,F,2014,10,100.0,0.0,0.0,0.0
398,2014F1012,9935,4.1,2001.5,OK,Cidre pétillant,2782.0,0.28,11.0,Faible,Très forte,F,2014,10,100.0,0.0,0.0,0.0
399,2014F1024,9943,4.0,2002.2,OK,Cidre de glace,1219.0,0.123,24.26,Très faible,Très forte,F,2014,10,100.0,0.0,0.0,0.0
400,2014F1032,10015,4.1,1998.0,OK,Cidre de glace,976.0,0.097,29.97,Absente,Forte,F,2014,10,100.0,0.0,0.0,0.0
401,2015F1006,10026,4.0,1996.8,OK,Cidre tranquille,6081.0,0.607,5.01,Faible,Très forte,F,2015,10,100.0,0.0,0.0,0.0
402,2015F1014,9985,3.9,1998.0,OK,Cidre pétillant,3125.0,0.313,5.78,Très faible,Forte,F,2015,10,100.0,0.0,0.0,0.0
403,2015F1022,10081,4.1,1996.0,OK,Cidre pétillant,2876.0,0.285,9.76,Très faible,Très forte,F,2015,10,100.0,0.0,0.0,0.0
404,2015F1031,9922,4.1,2001.6,OK,Cidre de glace,840.0,0.085,36.84,Très faible,Très forte,F,2015,10,100.0,0.0,0.0,0.0
405,2015F1039,9850,4.1,1998.7,OK,Cidre de glace,940.0,0.095,29.43,Faible,Très forte,F,2015,10,100.0,0.0,0.0,0.0
406,2016F1006,9815,3.9,2001.5,OK,Cidre tranquille,5797.0,0.591,6.19,Très faible,Très forte,F,2016,10,100.0,0.0,0.0,0.0
407,2016F1014,9818,4.1,1997.5,OK,Cidre pétillant,2906.0,0.296,9.33,Faible,Très forte,F,2016,10,100.0,0.0,0.0,0.0
408,2016F1022,10088,3.9,2000.3,OK,Cidre pétillant,2912.0,0.289,9.33,Très faible,Très forte,F,2016,10,100.0,0.0,0.0,0.0
409,2016F1031,10106,3.9,2002.0,OK,Cidre de glace,1262.0,0.125,32.52,Très faible,Très forte,F,2016,10,100.0,0.0,0.0,0.0
410,2016F1039,9939,3.8,2000.5,OK,Cidre de glace,1372.0,0.138,29.95,Absente,Très forte,F,2016,10,100.0,0.0,0.0,0.0
411,2017F1006,9983,4.0,2000.9,OK,Cidre tranquille,5530.0,0.554,7.18,Très faible,Forte,F,2017,10,100.0,0.0,0.0,0.0
412,2017F1015,10117,3.9,1999.8,OK,Cidre pétillant,2902.0,0.287,13.89,Très faible,Très forte,F,2017,10,100.0,0.0,0.0,0.0
413,2017F1023,10024,4.0,2000.4,OK,Cidre pétillant,3213.0,0.321,8.84,Très faible,Très forte,F,2017,10,100.0,0.0,0.0,0.0
414,2017F1035,10149,3.8,2000.6,OK,Cidre de glace,1086.0,0.107,29.95,Très faible,Très forte,F,2017,10,100.0,0.0,0.0,0.0
415,2017F1043,10011,4.0,2002.2,OK,Cidre de glace,1124.0,0.112,27.71,Très faible,Très forte,F,2017,10,0.0,0.0,0.0,0.0
416,2018F1006,10122,3.8,1999.4,OK,Cidre tranquille,5639.0,0.557,7.12,Très faible,Très forte,F,2018,10,100.0,0.0,0.0,0.0
417,2018F1015,9827,4.1,1998.6,OK,Cidre pétillant,2831.0,0.288,9.96,Faible,Très forte,F,2018,10,100.0,0.0,0.0,0.0
418,2018F1023,10103,4.0,2000.2,OK,Cidre pétillant,2528.0,0.25,8.74,Faible,Forte,F,2018,10,100.0,0.0,0.0,0.0
419,2018F1035,9936,3.9,1998.3,OK,Cidre de glace,782.0,0.079,28.95,Très faible,Très forte,F,2018,10,100.0,0.0,0.0,0.0
420,2018F1043,10166,4.1,1999.3,OK,Cidre de glace,3171.0,0.318,26.22,Absente,Très forte,F,2018,10,100.0,0.0,0.0,0.0
421,2019F1005,9984,4.0,1998.6,OK,Cidre tranquille,5560.0,0.557,7.39,Très faible,Très forte,F,2019,10,100.0,0.0,0.0,0.0
422,2019F1017,9957,4.0,1999.2,OK,Cidre pétillant,3104.0,0.312,12.4,Très faible,Très forte,F,2019,10,100.0,0.0,0.0,0.0
423,2019F1025,10237,4.0,2003.1,OK,Cidre pétillant,3243.0,0.317,9.16,Très faible,Très forte,F,2019,10,100.0,0.0,0.0,0.0
424,2019F1039,10040,4.0,2000.0,OK,Cidre de glace,1079.0,0.107,31.82,Absente,Très forte,F,2019,10,100.0,0.0,0.0,0.0
425,2019F1047,10067,4.0,2001.4,OK,Cidre de glace,1306.0,0.13,33.58,Très faible,Très forte,F,2019,10,100.0,0.0,0.0,0.0
426,2019F1055,9906,4.1,2000.7,OK,Cidre de glace,1345.0,0.136,29.97,Très faible,Très forte,F,2019,10,100.0,0.0,0.0,0.0
427,2020F1005,10049,3.9,1999.6,OK,Cidre tranquille,6161.0,0.613,5.67,Très faible,Forte,F,2020,10,100.0,0.0,0.0,0.0
428,2020F1012,10009,4.0,2000.7,OK,Cidre tranquille,5966.0,0.596,5.15,Très faible,Très forte,F,2020,10,100.0,0.0,0.0,0.0
429,2020F1020,10061,4.2,2000.6,OK,Cidre pétillant,2710.0,0.45299999999999996,12.02,Faible,Très forte,F,2020,10,100.0,0.0,0.0,0.0
430,2020F1028,9937,4.0,1998.6,OK,Cidre pétillant,3081.0,0.31,10.89,Très faible,Très forte,F,2020,10,100.0,0.0,0.0,0.0
431,2020F1041,9958,4.1,1998.4,OK,Cidre de glace,1003.0,0.101,31.74,Très faible,Forte,F,2020,10,100.0,0.0,0.0,0.0
432,2020F1049,9864,4.0,2004.0,OK,Cidre de glace,1206.0,0.122,33.28,Très faible,Très forte,F,2020,10,100.0,0.0,0.0,0.0
433,2020F1057,9981,3.9,2001.5,OK,Cidre de glace,1125.0,0.113,34.18,Très faible,Très forte,F,2020,10,100.0,0.0,0.0,0.0
434,2020F1065,10017,4.1,2003.4,OK,Cidre de glace,692.0,0.069,26.32,Très faible,Très forte,F,2020,10,100.0,0.0,0.0,0.0
435,2021F1006,9895,4.0,1999.8,OK,Cidre tranquille,5757.0,0.582,6.53,Faible,Très forte,F,2021,10,100.0,0.0,0.0,0.0
436,2021F1013,10169,3.9,2000.2,OK,Cidre tranquille,5818.0,0.572,5.24,Très faible,Forte,F,2021,10,100.0,0.0,0.0,0.0
437,2021F1019,10008,4.0,1998.1,OK,Cidre pétillant,2846.0,0.284,12.09,Absente,Très forte,F,2021,10,100.0,0.0,0.0,0.0
438,2021F1027,9921,4.1,1996.5,OK,Cidre pétillant,2551.0,0.257,11.26,Très faible,Très forte,F,2021,10,100.0,0.0,0.0,0.0
439,2021F1035,9974,4.0,2000.8,OK,Cidre pétillant,3054.0,0.306,10.53,Absente,Très forte,F,2021,10,100.0,0.0,0.0,0.0
440,2021F1045,9997,4.0,2000.5,OK,Cidre de glace,1010.0,0.101,29.81,Absente,Très forte,F,2021,10,100.0,0.0,0.0,0.0
441,2021F1053,9890,3.9,2000.2,OK,Cidre de glace,1072.0,0.108,25.07,Très faible,Très forte,F,2021,10,100.0,0.0,0.0,0.0
442,2021F1061,10008,4.0,1999.5,OK,Cidre de glace,930.0,0.093,27.48,Très faible,Très forte,F,2021,10,100.0,0.0,0.0,0.0
443,2021F1069,10031,3.8,2000.5,OK,Cidre de glace,868.0,0.087,28.76,Très faible,Très forte,F,2021,10,100.0,0.0,0.0,0.0
444,2022F1006,10147,4.1,1998.6,OK,Cidre tranquille,5675.0,0.559,4.99,Très faible,Très forte,F,2022,10,100.0,0.0,0.0,0.0
445,2022F1013,9941,4.2,1999.8,OK,Cidre tranquille,6054.0,0.609,4.85,Faible,Très forte,F,2022,10,100.0,0.0,0.0,0.0
446,2022F1022,10172,4.0,2001.9,OK,Cidre pétillant,3587.0,0.353,9.11,Très faible,Très forte,F,2022,10,100.0,0.0,0.0,0.0
447,2022F1030,9898,4.2,1998.2,OK,Cidre pétillant,3254.0,0.329,9.71,Très faible,Très forte,F,2022,10,100.0,0.0,0.0,0.0
448,2022F1038,9942,4.0,2000.3,OK,Cidre pétillant,3609.0,0.363,7.42,Absente,Très forte,F,2022,10,100.0,0.0,0.0,0.0
449,2022F1048,10112,4.0,2001.8,OK,Cidre de glace,484.0,0.048,29.08,Absente,Très forte,F,2022,10,100.0,0.0,0.0,0.0
450,2022F1056,9912,3.9,2000.5,OK,Cidre de glace,1247.0,0.126,30.49,Très faible,Très forte,F,2022,10,100.0,0.0,0.0,0.0
451,2022F1064,9884,4.0,2002.8,OK,Cidre de glace,1017.0,0.103,25.99,Très faible,Très forte,F,2022,10,100.0,0.0,0.0,0.0
452,2022F1072,10088,4.0,1996.8,OK,Cidre de glace,1119.0,0.111,36.4,Faible,Très forte,F,2022,10,100.0,0.0,0.0,0.0
453,2022F1080,10094,4.0,2002.9,OK,Cidre de glace,1420.0,0.141,28.83,Très faible,Très forte,F,2022,10,100.0,0.0,0.0,0.0
454,2012G1011,9923,3.9,1998.2,OK,Cidre pétillant,2714.0,0.274,9.0,Très forte,Moyenne,G,2012,10,0.0,100.0,0.0,0.0
455,2012G1024,10063,4.0,1999.8,OK,Cidre de glace,1023.0,0.102,31.42,Très forte,Moyenne,G,2012,10,0.0,100.0,0.0,0.0
456,2012G1032,10065,3.9,2002.1,OK,Cidre de glace,684.0,0.068,32.2,Très forte,Moyenne,G,2012,10,0.0,100.0,0.0,0.0
457,2013G1013,9926,4.0,2000.4,OK,Cidre pétillant,2692.0,0.271,7.3,Forte,Moyenne,G,2013,10,0.0,100.0,0.0,0.0
458,2013G1025,9976,3.9,2000.8,OK,Cidre de glace,1019.0,0.102,24.62,Forte,Moyenne,G,2013,10,0.0,100.0,0.0,0.0
459,2013G1033,9899,3.8,2000.4,OK,Cidre de glace,895.0,0.09,25.14,Très forte,Moyenne,G,2013,10,0.0,100.0,0.0,0.0
460,2014G1013,10052,4.3,1999.3,OK,Cidre pétillant,2684.0,0.267,7.91,Très forte,Moyenne,G,2014,10,0.0,100.0,0.0,0.0
461,2014G1025,10175,4.0,2001.7,OK,Cidre de glace,1056.0,0.104,39.66,Très forte,Moyenne,G,2014,10,0.0,100.0,0.0,0.0
462,2014G1033,10021,3.9,1999.2,OK,Cidre de glace,879.0,0.088,35.0,Très forte,Faible,G,2014,10,0.0,100.0,0.0,0.0
463,2015G1007,9995,3.8,1998.7,OK,Cidre tranquille,5090.0,0.509,6.81,Très forte,Faible,G,2015,10,0.0,100.0,0.0,0.0
464,2015G1015,10065,3.9,1997.4,OK,Cidre pétillant,2452.0,0.244,9.98,Très forte,Moyenne,G,2015,10,0.0,100.0,0.0,0.0
465,2015G1023,10215,4.0,1996.8,OK,Cidre pétillant,2672.0,0.262,17.01,Très forte,Faible,G,2015,10,0.0,100.0,0.0,0.0
466,2015G1032,9969,4.0,2002.5,OK,Cidre de glace,471.0,0.047,31.79,Très forte,Moyenne,G,2015,10,0.0,100.0,0.0,0.0
467,2015G1040,9947,4.0,2001.6,OK,Cidre de glace,1052.0,0.106,34.52,Très forte,Forte,G,2015,10,0.0,100.0,0.0,0.0
468,2016G1007,9891,4.1,1998.8,OK,Cidre tranquille,4616.0,0.467,6.28,Très forte,Moyenne,G,2016,10,0.0,100.0,0.0,0.0
469,2016G1015,10051,4.0,2004.9,OK,Cidre pétillant,2571.0,0.256,9.81,Très forte,Forte,G,2016,10,0.0,100.0,0.0,0.0
470,2016G1023,10156,4.0,2001.8,OK,Cidre pétillant,2547.0,0.251,11.44,Très forte,Moyenne,G,2016,10,0.0,100.0,0.0,0.0
471,2016G1032,9864,4.0,2002.1,OK,Cidre de glace,717.0,0.073,27.2,Très forte,Moyenne,G,2016,10,0.0,100.0,0.0,0.0
472,2016G1040,9975,3.9,1998.2,OK,Cidre de glace,987.0,0.099,31.83,Très forte,Moyenne,G,2016,10,0.0,100.0,0.0,0.0
473,2017G1007,9993,4.0,1999.0,OK,Cidre tranquille,5240.0,0.524,7.13,Très forte,Forte,G,2017,10,0.0,100.0,0.0,0.0
474,2017G1016,9977,3.9,1999.2,OK,Cidre pétillant,2359.0,0.236,6.48,Très forte,Forte,G,2017,10,0.0,100.0,0.0,0.0
475,2017G1024,9891,3.9,1998.5,OK,Cidre pétillant,2383.0,0.241,9.89,Forte,Moyenne,G,2017,10,0.0,100.0,0.0,0.0
476,2017G1036,10003,3.9,1998.1,OK,Cidre de glace,711.0,0.071,24.83,Très forte,Forte,G,2017,10,0.0,100.0,0.0,0.0
477,2017G1044,10036,3.9,2001.3,OK,Cidre de glace,811.0,0.081,25.47,Très forte,Faible,G,2017,10,0.0,100.0,0.0,0.0
478,2018G1007,10062,4.0,1998.9,OK,Cidre tranquille,4959.0,0.493,6.17,Très forte,Forte,G,2018,10,0.0,100.0,0.0,0.0
479,2018G1016,9865,4.0,2001.3,OK,Cidre pétillant,2229.0,0.226,8.11,Très forte,Forte,G,2018,10,0.0,100.0,0.0,0.0
480,2018G1024,10136,4.2,1998.2,OK,Cidre pétillant,2586.0,0.255,10.21,Très forte,Faible,G,2018,10,0.0,100.0,0.0,0.0
481,2018G1036,9942,3.9,1998.2,OK,Cidre de glace,905.0,0.091,34.35,Très forte,Moyenne,G,2018,10,0.0,100.0,0.0,0.0
482,2018G1044,9808,4.0,1999.0,OK,Cidre de glace,1164.0,0.119,25.42,Forte,Forte,G,2018,10,0.0,100.0,0.0,0.0
483,2019G1006,9958,4.0,2002.2,OK,Cidre tranquille,5045.0,0.507,5.6,Très forte,Faible,G,2019,10,0.0,100.0,0.0,0.0
484,2019G1018,9990,4.2,2002.1,OK,Cidre pétillant,2656.0,0.266,10.3,Forte,Forte,G,2019,10,0.0,100.0,0.0,0.0
485,2019G1026,9813,4.2,2001.7,OK,Cidre pétillant,2470.0,0.252,10.96,Forte,Faible,G,2019,10,0.0,100.0,0.0,0.0
486,2019G1040,9964,4.1,2001.3,OK,Cidre de glace,1209.0,0.121,32.78,Très forte,Moyenne,G,2019,10,0.0,100.0,0.0,0.0
487,2019G1048,10146,4.2,1999.7,OK,Cidre de glace,1136.0,0.112,29.61,Très forte,Moyenne,G,2019,10,0.0,100.0,0.0,0.0
488,2019G1056,9972,3.9,2001.5,OK,Cidre de glace,964.0,0.097,34.79,Très forte,Moyenne,G,2019,10,0.0,100.0,0.0,0.0
489,2020G1006,9936,4.0,2002.0,OK,Cidre tranquille,5335.0,0.537,5.54,Forte,Moyenne,G,2020,10,0.0,100.0,0.0,0.0
490,2020G1021,10028,4.0,1998.0,OK,Cidre pétillant,2657.0,0.265,9.92,Très forte,Faible,G,2020,10,0.0,100.0,0.0,0.0
491,2020G1029,9935,3.9,2002.5,OK,Cidre pétillant,2606.0,0.262,12.07,Très forte,Moyenne,G,2020,10,0.0,100.0,0.0,0.0
492,2020G1042,10034,3.9,2004.2,OK,Cidre de glace,992.0,0.099,22.91,Très forte,Moyenne,G,2020,10,0.0,100.0,0.0,0.0
493,2020G1050,10112,4.0,2002.1,OK,Cidre de glace,1194.0,0.118,28.13,Très forte,Faible,G,2020,10,0.0,100.0,0.0,0.0
494,2020G1058,10228,4.0,1999.2,OK,Cidre de glace,826.0,0.081,36.55,Très forte,Moyenne,G,2020,10,0.0,100.0,0.0,0.0
495,2020G1066,9846,4.1,2002.0,OK,Cidre de glace,795.0,0.081,29.18,Forte,Moyenne,G,2020,10,0.0,100.0,0.0,0.0
496,2021G1007,9985,4.1,2000.6,OK,Cidre tranquille,5079.0,0.509,6.18,Très forte,Moyenne,G,2021,10,0.0,100.0,0.0,0.0
497,2021G1020,10150,4.1,1999.5,OK,Cidre pétillant,2470.0,0.243,6.81,Très forte,Moyenne,G,2021,10,0.0,100.0,0.0,0.0
498,2021G1028,10024,3.9,2000.3,OK,Cidre pétillant,2652.0,0.265,9.59,Forte,Moyenne,G,2021,10,0.0,100.0,0.0,0.0
499,2021G1036,9997,3.8,2001.2,OK,Cidre pétillant,2616.0,0.262,11.67,Très forte,Moyenne,G,2021,10,0.0,100.0,0.0,0.0
500,2021G1046,9931,3.9,1998.7,OK,Cidre de glace,1108.0,0.112,33.61,Très forte,Moyenne,G,2021,10,0.0,100.0,0.0,0.0
501,2021G1054,10110,4.1,2001.7,OK,Cidre de glace,873.0,0.086,26.89,Forte,Moyenne,G,2021,10,0.0,100.0,0.0,0.0
502,2021G1062,9889,4.0,2001.1,OK,Cidre de glace,667.0,0.067,26.5,Forte,Très forte,G,2021,10,0.0,100.0,0.0,0.0
503,2021G1070,9902,4.0,1999.8,OK,Cidre de glace,768.0,0.078,31.58,Très forte,Moyenne,G,2021,10,0.0,100.0,0.0,0.0
504,2022G1007,9894,4.0,1999.0,OK,Cidre tranquille,5171.0,0.523,3.57,Très forte,Faible,G,2022,10,0.0,100.0,0.0,0.0
505,2022G1014,10106,4.1,1997.6,OK,Cidre tranquille,5173.0,0.512,6.98,Très forte,Moyenne,G,2022,10,0.0,100.0,0.0,0.0
506,2022G1023,9975,4.2,1999.6,OK,Cidre pétillant,2410.0,0.242,9.47,Très forte,Moyenne,G,2022,10,0.0,100.0,0.0,0.0
507,2022G1031,10205,3.9,2000.3,OK,Cidre pétillant,2729.0,0.267,11.16,Très forte,Moyenne,G,2022,10,0.0,100.0,0.0,0.0
508,2022G1039,10033,3.9,1996.2,OK,Cidre pétillant,2556.0,0.255,11.24,Très forte,Moyenne,G,2022,10,0.0,100.0,0.0,0.0
509,2022G1049,10114,4.0,1999.2,OK,Cidre de glace,827.0,0.082,31.42,Forte,Moyenne,G,2022,10,0.0,100.0,0.0,0.0
510,2022G1057,10071,4.1,1998.8,OK,Cidre de glace,929.0,0.092,34.5,Très forte,Moyenne,G,2022,10,0.0,100.0,0.0,0.0
511,2022G1065,10088,4.0,2000.4,OK,Cidre de glace,1122.0,0.111,34.94,Très forte,Moyenne,G,2022,10,0.0,100.0,0.0,0.0
512,2022G1073,10003,3.9,2000.8,OK,Cidre de glace,965.0,0.096,38.59,Très forte,Moyenne,G,2022,10,0.0,100.0,0.0,0.0
513,2022G1081,9776,3.8,2000.4,OK,Cidre de glace,1068.0,0.109,33.93,Forte,Moyenne,G,2022,10,0.0,100.0,0.0,0.0
514,2012H1012,9919,4.2,1995.4,OK,Cidre pétillant,3340.0,0.337,11.61,Très forte,Très forte,H,2012,10,0.0,0.0,100.0,0.0
515,2012H1025,10087,3.9,1997.5,OK,Cidre de glace,1104.0,0.109,36.47,Très forte,Très forte,H,2012,10,0.0,0.0,100.0,0.0
516,2012H1033,10022,4.1,1996.4,OK,Cidre de glace,1156.0,0.115,28.42,Très forte,Très forte,H,2012,10,0.0,0.0,100.0,0.0
517,2013H1014,9974,4.0,2002.0,OK,Cidre pétillant,3647.0,0.366,11.26,Très forte,Très forte,H,2013,10,0.0,0.0,100.0,0.0
518,2013H1026,9983,4.0,1997.7,OK,Cidre de glace,1598.0,0.16,27.48,Très forte,Très forte,H,2013,10,0.0,0.0,100.0,0.0
519,2013H1034,10011,4.0,1999.7,OK,Cidre de glace,1137.0,0.114,31.37,Très forte,Très forte,H,2013,10,0.0,0.0,100.0,0.0
520,2014H1014,10011,4.1,2001.0,OK,Cidre pétillant,3584.0,0.358,12.5,Très forte,Très forte,H,2014,10,0.0,0.0,100.0,0.0
521,2014H1026,9942,4.0,2002.9,OK,Cidre de glace,1456.0,0.146,29.11,Très forte,Très forte,H,2014,10,0.0,0.0,100.0,0.0
522,2014H1034,10046,3.9,2000.1,OK,Cidre de glace,1360.0,0.135,35.44,Très forte,Très forte,H,2014,10,0.0,0.0,100.0,0.0
523,2015H1008,10048,4.1,2002.2,OK,Cidre tranquille,6933.0,0.69,6.76,Très forte,Très forte,H,2015,10,0.0,0.0,100.0,0.0
524,2015H1016,10086,4.2,1999.1,OK,Cidre pétillant,3331.0,0.33,6.33,Forte,Très forte,H,2015,10,0.0,0.0,100.0,0.0
525,2015H1024,9828,3.9,1998.6,OK,Cidre pétillant,3432.0,0.349,9.19,Très forte,Très forte,H,2015,10,0.0,0.0,100.0,0.0
526,2015H1033,9958,4.0,2001.7,OK,Cidre de glace,1399.0,0.14,31.9,Très forte,Très forte,H,2015,10,0.0,0.0,100.0,0.0
527,2015H1041,10112,4.2,1999.4,OK,Cidre de glace,1215.0,0.12,33.08,Très forte,Très forte,H,2015,10,0.0,0.0,100.0,0.0
528,2016H1008,10186,4.1,2001.6,OK,Cidre tranquille,6579.0,0.646,6.81,Très forte,Très forte,H,2016,10,0.0,0.0,100.0,0.0
529,2016H1016,9943,4.1,2000.7,OK,Cidre pétillant,3213.0,0.323,10.49,Très forte,Très forte,H,2016,10,0.0,0.0,100.0,0.0
530,2016H1024,9951,4.0,1998.3,OK,Cidre pétillant,3274.0,0.329,9.41,Très forte,Très forte,H,2016,10,0.0,0.0,100.0,0.0
531,2016H1033,10127,4.2,1998.2,OK,Cidre de glace,1197.0,0.118,34.07,Très forte,Très forte,H,2016,10,0.0,0.0,100.0,0.0
532,2016H1041,10059,4.1,1999.8,OK,Cidre de glace,1303.0,0.13,29.52,Très forte,Très forte,H,2016,10,0.0,0.0,100.0,0.0
533,2017H1008,9996,3.9,1998.8,OK,Cidre tranquille,6819.0,0.682,7.45,Très forte,Très forte,H,2017,10,0.0,0.0,100.0,0.0
534,2017H1017,9837,3.9,1999.5,OK,Cidre pétillant,3021.0,0.307,10.93,Très forte,Très forte,H,2017,10,0.0,0.0,100.0,0.0
535,2017H1025,10034,4.1,2003.5,OK,Cidre pétillant,3444.0,0.343,9.7,Très forte,Très forte,H,2017,10,0.0,0.0,100.0,0.0
536,2017H1037,10150,3.8,2000.5,OK,Cidre de glace,1131.0,0.111,31.92,Très forte,Très forte,H,2017,10,0.0,0.0,100.0,0.0
537,2017H1045,10023,3.9,1996.0,OK,Cidre de glace,933.0,0.093,29.84,Très forte,Très forte,H,2017,10,0.0,0.0,100.0,0.0
538,2018H1008,10083,4.1,1997.3,OK,Cidre tranquille,6854.0,0.68,4.82,Très forte,Forte,H,2018,10,0.0,0.0,100.0,0.0
539,2018H1017,10109,4.0,1998.1,OK,Cidre pétillant,3065.0,0.303,10.06,Très forte,Très forte,H,2018,10,0.0,0.0,100.0,0.0
540,2018H1025,10045,3.9,1999.8,OK,Cidre pétillant,3632.0,0.362,9.87,Très forte,Très forte,H,2018,10,0.0,0.0,100.0,0.0
541,2018H1037,10032,4.1,1998.0,OK,Cidre de glace,1424.0,0.142,29.49,Très forte,Forte,H,2018,10,0.0,0.0,100.0,0.0
542,2018H1045,9925,4.3,1999.6,OK,Cidre de glace,1498.0,0.151,30.24,Très forte,Très forte,H,2018,10,0.0,0.0,100.0,0.0
543,2019H1007,9817,4.1,1998.7,OK,Cidre tranquille,6450.0,0.657,5.79,Très forte,Très forte,H,2019,10,0.0,0.0,100.0,0.0
544,2019H1019,10169,4.1,2000.0,OK,Cidre pétillant,3563.0,0.35,8.34,Très forte,Très forte,H,2019,10,0.0,0.0,100.0,0.0
545,2019H1027,10107,4.0,1997.5,OK,Cidre pétillant,3526.0,0.349,8.96,Très forte,Très forte,H,2019,10,0.0,0.0,100.0,0.0
546,2019H1041,10062,3.9,2001.8,OK,Cidre de glace,1118.0,0.111,36.78,Très forte,Très forte,H,2019,10,0.0,0.0,100.0,0.0
547,2019H1049,10098,3.8,2001.7,OK,Cidre de glace,1483.0,0.147,30.02,Très forte,Très forte,H,2019,10,0.0,0.0,100.0,0.0
548,2019H1057,9867,4.0,2004.3,OK,Cidre de glace,1343.0,0.136,21.3,Forte,Forte,H,2019,10,0.0,0.0,100.0,0.0
549,2020H1007,9882,4.0,1997.1,OK,Cidre tranquille,6758.0,0.684,6.1,Forte,Très forte,H,2020,10,0.0,0.0,100.0,0.0
550,2020H1022,10143,3.9,2001.6,OK,Cidre pétillant,3768.0,0.371,13.44,Très forte,Forte,H,2020,10,0.0,0.0,100.0,0.0
551,2020H1030,9920,4.1,1999.6,OK,Cidre pétillant,3639.0,0.367,11.75,Très forte,Forte,H,2020,10,0.0,0.0,100.0,0.0
552,2020H1043,9855,4.0,2002.6,OK,Cidre de glace,1156.0,0.117,36.25,Très forte,Très forte,H,2020,10,0.0,0.0,100.0,0.0
553,2020H1051,10152,4.1,2000.3,OK,Cidre de glace,874.0,0.086,24.79,Très forte,Très forte,H,2020,10,0.0,0.0,100.0,0.0
554,2020H1059,9922,4.1,1997.1,OK,Cidre de glace,1380.0,0.139,32.43,Très forte,Très forte,H,2020,10,0.0,0.0,100.0,0.0
555,2020H1067,9956,4.0,2000.8,OK,Cidre de glace,1482.0,0.149,29.79,Très forte,Très forte,H,2020,10,0.0,0.0,100.0,0.0
556,2021H1008,9867,3.9,2006.9,OK,Cidre tranquille,7103.0,0.72,5.32,Très forte,Très forte,H,2021,10,0.0,0.0,100.0,0.0
557,2021H1021,9985,4.1,2001.0,OK,Cidre pétillant,3567.0,0.357,9.86,Très forte,Très forte,H,2021,10,0.0,0.0,100.0,0.0
558,2021H1029,10072,4.0,2001.3,OK,Cidre pétillant,3500.0,0.347,8.23,Très forte,Forte,H,2021,10,0.0,0.0,100.0,0.0
559,2021H1037,9958,4.2,1999.6,OK,Cidre pétillant,3299.0,0.331,9.72,Très forte,Très forte,H,2021,10,0.0,0.0,100.0,0.0
560,2021H1047,10111,4.0,2002.4,OK,Cidre de glace,677.0,0.067,29.98,Très forte,Très forte,H,2021,10,0.0,0.0,100.0,0.0
561,2021H1055,9954,4.0,1997.2,OK,Cidre de glace,1027.0,0.103,34.56,Très forte,Très forte,H,2021,10,0.0,0.0,100.0,0.0
562,2021H1063,10015,4.0,1999.0,OK,Cidre de glace,1365.0,0.136,37.35,Très forte,Très forte,H,2021,10,0.0,0.0,100.0,0.0
563,2021H1071,10039,3.8,1997.2,OK,Cidre de glace,1248.0,0.124,29.4,Forte,Très forte,H,2021,10,0.0,0.0,100.0,0.0
564,2022H1008,9861,3.9,2002.0,OK,Cidre tranquille,6589.0,0.668,4.59,Très forte,Très forte,H,2022,10,0.0,0.0,100.0,0.0
565,2022H1015,9878,3.9,2003.0,OK,Cidre tranquille,6717.0,0.68,5.61,Forte,Très forte,H,2022,10,0.0,0.0,100.0,0.0
566,2022H1024,9863,3.9,1999.1,OK,Cidre pétillant,3065.0,0.311,12.35,Très forte,Très forte,H,2022,10,0.0,0.0,100.0,0.0
567,2022H1032,9985,4.0,2001.4,OK,Cidre pétillant,3199.0,0.32,14.3,Forte,Très forte,H,2022,10,0.0,0.0,100.0,0.0
568,2022H1040,10031,4.1,2001.5,OK,Cidre pétillant,3488.0,0.348,9.81,Très forte,Très forte,H,2022,10,0.0,0.0,100.0,0.0
569,2022H1050,10178,3.9,2001.5,OK,Cidre de glace,1308.0,0.129,28.86,Très forte,Très forte,H,2022,10,0.0,0.0,100.0,0.0
570,2022H1058,9977,4.1,2002.5,OK,Cidre de glace,1642.0,0.165,32.42,Très forte,Forte,H,2022,10,0.0,0.0,100.0,0.0
571,2022H1066,9855,4.1,1999.7,OK,Cidre de glace,1165.0,0.118,33.51,Très forte,Très forte,H,2022,10,0.0,0.0,100.0,0.0
572,2022H1074,10069,4.1,2002.0,OK,Cidre de glace,1020.0,0.101,26.43,Très forte,Forte,H,2022,10,0.0,0.0,100.0,0.0
573,2022H1082,10058,3.9,1998.6,OK,Cidre de glace,921.0,0.092,29.21,Très forte,Forte,H,2022,10,0.0,0.0,100.0,0.0
