Code (ID),Nom,Région Administrative,# Région Adm,Classe de population desservie,Consommation résidentielle (L/pers/j),Nb de réseaux distribution,Population desservie,Nb logements desservis,Nb pers par logement,Volume d'eau distribué (ML/an)
2005,PERCÉ,Gaspésie–Îles-de-la-Madeleine (11),11,0 À  999 personnes,463,1,701,413,1.7,331022
2010,SAINTE-THÉRÈSE-DE-GASPÉ,Gaspésie–Îles-de-la-Madeleine (11),11,0 À  999 personnes,255,1,585,273,2.14,265.47
2015,GRANDE-RIVIÈRE,Gaspésie–Îles-de-la-Madeleine (11),11,1 000 À  4 999 personnes,519,1,3444,1391,2.48,1295654
2028,CHANDLER,Gaspésie–Îles-de-la-Madeleine (11),11,5 000 À  9 999 personnes,496,2,8205,3835,2.14,2835.43
2047,PORT-DANIEL-GASCONS,Gaspésie–Îles-de-la-Madeleine (11),11,0 À  999 personnes,288,2,918,490,1.87,169636
98030,AGUANISH,Côte-Nord (09),9,0 À  999 personnes,159,1,246,144,1.71,18797
98035,BAIE-JOHAN-BEETZ,Côte-Nord (09),9,0 À  999 personnes,163,1,86,55,1.56,22625
98045,LONGUE-POINTE-DE-MINGAN,Côte-Nord (09),9,0 À  999 personnes,361,1,399,244,1.64,95101
98050,RIVIÈRE-SAINT-JEAN,Côte-Nord (09),9,0 À  999 personnes,134,1,251,105,2.39,15301
98055,RIVIÈRE-AU-TONNERRE,Côte-Nord (09),9,0 À  999 personnes,240,2,330,249,1.32,46.97
99020,CHAPAIS,Nord-du-Québec (10),10,1 000 À  4 999 personnes,534,1,1710,709,2.41,1436245
99025,CHIBOUGAMAU,Nord-du-Québec (10),10,5 000 À  9 999 personnes,617,1,8241,3263,2.53,3357265
3005,GASPÉ,Gaspésie–Îles-de-la-Madeleine (11),11,5 000 À  9 999 personnes,411,2,8498,3849,2.21,2713888
3015,PETITE-VALLÉE,Gaspésie–Îles-de-la-Madeleine (11),11,0 À  999 personnes,418,1,135,92,1.47,27327
3020,GRANDE-VALLÉE,Gaspésie–Îles-de-la-Madeleine (11),11,1 000 À  4 999 personnes,393,1,1026,513,2,218592
3025,MURDOCHVILLE,Gaspésie–Îles-de-la-Madeleine (11),11,0 À  999 personnes,285,1,637,439,1.45,283284
4005,SAINTE-MADELEINE-DE-LA-RIVIÈRE-MADELEINE,Gaspésie–Îles-de-la-Madeleine (11),11,0 À  999 personnes,227,2,361,274,1.32,60205
4010,SAINT-MAXIME-DU-MONT-LOUIS,Gaspésie–Îles-de-la-Madeleine (11),11,0 À  999 personnes,234,2,883,455,1.94,150198
4015,MONT-SAINT-PIERRE,Gaspésie–Îles-de-la-Madeleine (11),11,0 À  999 personnes,512,1,156,128,1.22,58721
4025,MARSOUI,Gaspésie–Îles-de-la-Madeleine (11),11,0 À  999 personnes,334,1,226,148,1.53,63009
4037,SAINTE-ANNE-DES-MONTS,Gaspésie–Îles-de-la-Madeleine (11),11,5 000 À  9 999 personnes,962,1,5683,2775,2.05,2457253
4047,CAP-CHAT,Gaspésie–Îles-de-la-Madeleine (11),11,1 000 À  4 999 personnes,536,1,1771,945,1.87,674.07
5032,PASPÉBIAC,Gaspésie–Îles-de-la-Madeleine (11),11,1 000 À  4 999 personnes,335,1,3096,1520,2.04,998774
5040,NEW CARLISLE,Gaspésie–Îles-de-la-Madeleine (11),11,1 000 À  4 999 personnes,317,1,1145,530,2.16,292723
5045,BONAVENTURE,Gaspésie–Îles-de-la-Madeleine (11),11,1 000 À  4 999 personnes,381,1,1762,836,2.11,306517
5050,SAINT-ELZÉAR (11),Gaspésie–Îles-de-la-Madeleine (11),11,0 À  999 personnes,198,1,298,115,2.59,25421
5055,SAINT-SIMÉON (11),Gaspésie–Îles-de-la-Madeleine (11),11,0 À  999 personnes,188,1,805,434,1.86,86416
5060,CAPLAN,Gaspésie–Îles-de-la-Madeleine (11),11,1 000 À  4 999 personnes,354,1,2079,973,2.14,332631
5065,SAINT-ALPHONSE,Gaspésie–Îles-de-la-Madeleine (11),11,0 À  999 personnes,242,1,510,230,2.22,50733
5070,NEW RICHMOND,Gaspésie–Îles-de-la-Madeleine (11),11,1 000 À  4 999 personnes,314,1,3924,1728,2.27,614585
6005,MARIA,Gaspésie–Îles-de-la-Madeleine (11),11,1 000 À  4 999 personnes,227,1,2752,1163,2.37,461055
6013,CARLETON-SUR-MER,Gaspésie–Îles-de-la-Madeleine (11),11,1 000 À  4 999 personnes,393,1,3703,1825,2.03,1008079
6050,SAINT-ALEXIS-DE-MATAPÉDIA,Gaspésie–Îles-de-la-Madeleine (11),11,0 À  999 personnes,175,1,474,272,1.74,33834
6055,SAINT-FRANÇOIS-D'ASSISE,Gaspésie–Îles-de-la-Madeleine (11),11,0 À  999 personnes,275,1,440,230,1.91,58105
7018,CAUSAPSCAL,Bas-Saint-Laurent (01),1,1 000 À  4 999 personnes,355,1,1842,884,2.08,300327
7040,SAINTE-IRÈNE,Bas-Saint-Laurent (01),1,0 À  999 personnes,194,2,326,177,1.84,36331
7047,AMQUI,Bas-Saint-Laurent (01),1,5 000 À  9 999 personnes,348,1,5060,2317,2.18,1150228
7057,LAC-AU-SAUMON,Bas-Saint-Laurent (01),1,1 000 À  4 999 personnes,218,1,1011,379,2.67,300423
7065,SAINT-ALEXANDRE-DES-LACS,Bas-Saint-Laurent (01),1,0 À  999 personnes,135,1,153,71,2.15,11819
7070,SAINT-THARCISIUS,Bas-Saint-Laurent (01),1,0 À  999 personnes,101,1,206,97,2.12,10906
7075,SAINT-VIANNEY,Bas-Saint-Laurent (01),1,0 À  999 personnes,282,1,288,152,1.9,42568
7080,VAL-BRILLANT,Bas-Saint-Laurent (01),1,0 À  999 personnes,174,1,545,267,2.04,103032
7085,SAYABEC,Bas-Saint-Laurent (01),1,1 000 À  4 999 personnes,338,1,1645,743,2.21,264553
7090,SAINT-CLÉOPHAS,Bas-Saint-Laurent (01),1,0 À  999 personnes,139,1,174,73,2.38,30417
7095,SAINT-MOÃSE,Bas-Saint-Laurent (01),1,0 À  999 personnes,134,1,328,177,1.85,20282
7100,SAINT-NOÃ‹L,Bas-Saint-Laurent (01),1,0 À  999 personnes,162,1,305,149,2.05,27151
7105,SAINT-DAMASE (01),Bas-Saint-Laurent (01),1,0 À  999 personnes,208,1,216,90,2.4,23526
8005,LES MÉCHINS,Bas-Saint-Laurent (01),1,0 À  999 personnes,250,1,685,397,1.73,276562
8015,GROSSES-ROCHES,Bas-Saint-Laurent (01),1,0 À  999 personnes,292,1,272,158,1.72,42469
8023,SAINTE-FÉLICITÉ (01),Bas-Saint-Laurent (01),1,0 À  999 personnes,175,1,535,272,1.97,136039
8030,SAINT-ADELME,Bas-Saint-Laurent (01),1,0 À  999 personnes,235,1,164,74,2.21,18224
8035,SAINT-RENÉ-DE-MATANE,Bas-Saint-Laurent (01),1,0 À  999 personnes,207,1,260,118,2.2,26868
8053,MATANE,Bas-Saint-Laurent (01),1,5 000 À  9 999 personnes,346,1,9809,4959,1.98,2321.48
8073,SAINT-ULRIC,Bas-Saint-Laurent (01),1,0 À  999 personnes,227,1,720,372,1.94,78687
8080,BAIE-DES-SABLES,Bas-Saint-Laurent (01),1,0 À  999 personnes,142,1,362,213,1.7,24375
9025,SAINT-GABRIEL-DE-RIMOUSKI,Bas-Saint-Laurent (01),1,0 À  999 personnes,122,1,720,339,2.12,65313
9035,SAINTE-ANGÈLE-DE-MÉRICI,Bas-Saint-Laurent (01),1,0 À  999 personnes,328,1,586,283,2.07,146767
9048,MÉTIS-SUR-MER,Bas-Saint-Laurent (01),1,0 À  999 personnes,228,1,359,184,1.95,141247
9055,SAINT-OCTAVE-DE-MÉTIS,Bas-Saint-Laurent (01),1,0 À  999 personnes,110,1,495,226,2.19,22113
9065,PRICE,Bas-Saint-Laurent (01),1,1 000 À  4 999 personnes,118,1,1644,719,2.29,171364
9077,MONT-JOLI,Bas-Saint-Laurent (01),1,5 000 À  9 999 personnes,233,1,6207,3082,2.01,1148.97
9085,SAINTE-FLAVIE,Bas-Saint-Laurent (01),1,0 À  999 personnes,176,2,865,448,1.93,119993
9092,SAINTE-LUCE,Bas-Saint-Laurent (01),1,1 000 À  4 999 personnes,200,2,3344,1483,2.26,373909
10015,SAINT-NARCISSE-DE-RIMOUSKI,Bas-Saint-Laurent (01),1,0 À  999 personnes,163,1,434,191,2.27,31731
10030,SAINT-ANACLET-DE-LESSARD,Bas-Saint-Laurent (01),1,1 000 À  4 999 personnes,231,1,1891,792,2.39,183929
10043,RIMOUSKI,Bas-Saint-Laurent (01),1,10 000 À  49 999 personnes,209,3,48416,23503,2.06,7582607
10070,SAINT-FABIEN,Bas-Saint-Laurent (01),1,1 000 À  4 999 personnes,423,1,1222,563,2.17,295348
11005,SAINT-CLÉMENT,Bas-Saint-Laurent (01),1,0 À  999 personnes,236,1,199,100,1.99,23549
11010,SAINT-JEAN-DE-DIEU,Bas-Saint-Laurent (01),1,1 000 À  4 999 personnes,196,1,1199,573,2.09,109121
11030,SAINTE-FRANÇOISE (01),Bas-Saint-Laurent (01),1,0 À  999 personnes,201,1,145,92,1.58,13587
11040,TROIS-PISTOLES,Bas-Saint-Laurent (01),1,1 000 À  4 999 personnes,289,1,3282,1633,2.01,455242
11045,NOTRE-DAME-DES-NEIGES,Bas-Saint-Laurent (01),1,0 À  999 personnes,221,1,582,312,1.87,89438
11050,SAINT-MATHIEU-DE-RIOUX,Bas-Saint-Laurent (01),1,0 À  999 personnes,198,1,282,156,1.81,25.22
11055,SAINT-SIMON (01),Bas-Saint-Laurent (01),1,0 À  999 personnes,182,1,316,116,2.72,26348
12005,SAINT-CYPRIEN (01),Bas-Saint-Laurent (01),1,0 À  999 personnes,248,1,791,396,2,99426
12010,SAINT-HUBERT-DE-RIVIÈRE-DU-LOUP,Bas-Saint-Laurent (01),1,0 À  999 personnes,185,1,891,389,2.29,82.1
12015,SAINT-ANTONIN,Bas-Saint-Laurent (01),1,1 000 À  4 999 personnes,204,1,3101,1190,2.61,308763
12020,SAINT-MODESTE,Bas-Saint-Laurent (01),1,0 À  999 personnes,161,2,587,237,2.48,41486
12030,SAINT-ÉPIPHANE,Bas-Saint-Laurent (01),1,0 À  999 personnes,163,1,535,264,2.03,38.73
12043,L'ISLE-VERTE,Bas-Saint-Laurent (01),1,0 À  999 personnes,194,1,962,474,2.03,83829
12057,CACOUNA,Bas-Saint-Laurent (01),1,1 000 À  4 999 personnes,225,1,1156,592,1.95,130.94
12065,SAINT-ARSÈNE,Bas-Saint-Laurent (01),1,0 À  999 personnes,121,1,803,315,2.55,60836
12072,RIVIÈRE-DU-LOUP,Bas-Saint-Laurent (01),1,10 000 À  49 999 personnes,260,1,21057,9155,2.3,3863946
12080,NOTRE-DAME-DU-PORTAGE,Bas-Saint-Laurent (01),1,0 À  999 personnes,146,1,181,88,2.06,13461
13005,DÉGELIS,Bas-Saint-Laurent (01),1,1 000 À  4 999 personnes,315,1,2371,1170,2.03,530657
13020,SAINT-MARC-DU-LAC-LONG,Bas-Saint-Laurent (01),1,0 À  999 personnes,177,1,264,133,1.98,23303
13025,RIVIÈRE-BLEUE,Bas-Saint-Laurent (01),1,0 À  999 personnes,329,1,908,480,1.89,173222
13040,SAINT-JUSTE-DU-LAC,Bas-Saint-Laurent (01),1,0 À  999 personnes,180,1,150,80,1.88,12413
13045,AUCLAIR,Bas-Saint-Laurent (01),1,0 À  999 personnes,233,1,240,119,2.02,26.04
13050,LEJEUNE,Bas-Saint-Laurent (01),1,0 À  999 personnes,189,1,135,77,1.75,18158
13055,BIENCOURT,Bas-Saint-Laurent (01),1,0 À  999 personnes,179,1,262,147,1.78,37488
13060,LAC-DES-AIGLES,Bas-Saint-Laurent (01),1,0 À  999 personnes,295,1,351,184,1.91,43961
13065,SAINT-MICHEL-DU-SQUATEC,Bas-Saint-Laurent (01),1,0 À  999 personnes,251,1,941,499,1.89,126662
13073,TÉMISCOUATA-SUR-LE-LAC,Bas-Saint-Laurent (01),1,1 000 À  4 999 personnes,348,2,4158,2030,2.05,931745
13095,POHÉNÉGAMOOK,Bas-Saint-Laurent (01),1,1 000 À  4 999 personnes,258,1,2096,1084,1.93,577638
14005,MONT-CARMEL,Bas-Saint-Laurent (01),1,0 À  999 personnes,282,1,573,259,2.21,74.65
14018,SAINT-PASCAL,Bas-Saint-Laurent (01),1,1 000 À  4 999 personnes,255,1,2783,1310,2.12,468474
14025,SAINTE-HÉLÈNE-DE-KAMOURASKA,Bas-Saint-Laurent (01),1,0 À  999 personnes,194,1,527,239,2.2,45469
14035,SAINT-ALEXANDRE-DE-KAMOURASKA,Bas-Saint-Laurent (01),1,1 000 À  4 999 personnes,214,1,1526,603,2.53,347182
14040,SAINT-ANDRÉ,Bas-Saint-Laurent (01),1,0 À  999 personnes,139,1,365,146,2.5,41195
14050,KAMOURASKA,Bas-Saint-Laurent (01),1,0 À  999 personnes,173,1,252,136,1.85,48191
14060,SAINT-PHILIPPE-DE-NÉRI,Bas-Saint-Laurent (01),1,0 À  999 personnes,172,1,792,368,2.15,61109
14065,RIVIÈRE-OUELLE,Bas-Saint-Laurent (01),1,0 À  999 personnes,199,1,560,273,2.05,96.88
14070,SAINT-PACÔME,Bas-Saint-Laurent (01),1,1 000 À  4 999 personnes,149,1,1212,591,2.05,106871
14085,LA POCATIÈRE,Bas-Saint-Laurent (01),1,1 000 À  4 999 personnes,237,1,4098,2210,1.85,794867
14090,SAINTE-ANNE-DE-LA-POCATIÈRE,Bas-Saint-Laurent (01),1,0 À  999 personnes,190,3,351,145,2.42,59326
15005,SAINT-IRÉNÉE,Capitale-Nationale (03),3,0 À  999 personnes,359,1,258,164,1.58,64624
15013,LA MALBAIE,Capitale-Nationale (03),3,5 000 À  9 999 personnes,302,6,6341,3344,1.9,1335091
15025,NOTRE-DAME-DES-MONTS,Capitale-Nationale (03),3,0 À  999 personnes,171,1,855,378,2.26,61293
15035,CLERMONT (03),Capitale-Nationale (03),3,1 000 À  4 999 personnes,322,1,3286,1491,2.2,479456
15058,SAINT-SIMÉON (03),Capitale-Nationale (03),3,0 À  999 personnes,237,2,945,464,2.04,169839
15065,BAIE-SAINTE-CATHERINE,Capitale-Nationale (03),3,0 À  999 personnes,260,1,188,144,1.31,40426
16005,PETITE-RIVIÈRE-SAINT-FRANÇOIS,Capitale-Nationale (03),3,0 À  999 personnes,361,1,669,513,1.3,104796
16013,BAIE-SAINT-PAUL,Capitale-Nationale (03),3,5 000 À  9 999 personnes,271,2,5535,2887,1.92,1146336
16023,L'ISLE-AUX-COUDRES,Capitale-Nationale (03),3,0 À  999 personnes,213,1,803,534,1.5,89.35
16048,LES ÉBOULEMENTS,Capitale-Nationale (03),3,0 À  999 personnes,410,2,669,410,1.63,173.97
16050,SAINT-HILARION,Capitale-Nationale (03),3,0 À  999 personnes,245,1,593,284,2.09,70.16
16055,SAINT-URBAIN,Capitale-Nationale (03),3,0 À  999 personnes,277,1,934,431,2.17,144626
17010,SAINT-PAMPHILE,Chaudière-Appalaches (12),12,1 000 À  4 999 personnes,211,1,1347,648,2.08,216135
17030,SAINTE-PERPÉTUE (12),Chaudière-Appalaches (12),12,1 000 À  4 999 personnes,310,1,1255,620,2.02,157.71
17035,TOURVILLE,Chaudière-Appalaches (12),12,0 À  999 personnes,220,1,378,198,1.91,41738
17060,SAINTE-LOUISE,Chaudière-Appalaches (12),12,0 À  999 personnes,244,1,293,140,2.09,45177
17065,SAINT-ROCH-DES-AULNAIES,Chaudière-Appalaches (12),12,0 À  999 personnes,179,1,398,197,2.02,31065
17078,L'ISLET,Chaudière-Appalaches (12),12,1 000 À  4 999 personnes,224,1,2706,1292,2.09,397895
18005,SAINT-JUST-DE-BRETENIÈRES,Chaudière-Appalaches (12),12,0 À  999 personnes,249,1,301,160,1.88,37772
18010,LAC-FRONTIÈRE,Chaudière-Appalaches (12),12,0 À  999 personnes,298,1,141,82,1.72,21171
18015,SAINT-FABIEN-DE-PANET,Chaudière-Appalaches (12),12,0 À  999 personnes,170,1,524,272,1.92,47424
18040,NOTRE-DAME-DU-ROSAIRE,Chaudière-Appalaches (12),12,0 À  999 personnes,156,1,319,162,1.97,20971
18045,CAP-SAINT-IGNACE,Chaudière-Appalaches (12),12,1 000 À  4 999 personnes,99,1,1579,700,2.26,267.28
18050,MONTMAGNY,Chaudière-Appalaches (12),12,10 000 À  49 999 personnes,280,1,10482,5113,2.05,1581925
18065,BERTHIER-SUR-MER,Chaudière-Appalaches (12),12,1 000 À  4 999 personnes,225,1,1287,618,2.08,116094
19005,SAINT-PHILÉMON,Chaudière-Appalaches (12),12,0 À  999 personnes,194,2,426,225,1.89,55183
19010,NOTRE-DAME-AUXILIATRICE-DE-BUCKLAND,Chaudière-Appalaches (12),12,0 À  999 personnes,305,1,509,268,1.9,72103
19020,SAINT-LÉON-DE-STANDON,Chaudière-Appalaches (12),12,0 À  999 personnes,200,1,573,330,1.74,51237
19025,SAINT-MALACHIE,Chaudière-Appalaches (12),12,1 000 À  4 999 personnes,231,2,1166,509,2.29,132674
19030,SAINT-DAMIEN-DE-BUCKLAND,Chaudière-Appalaches (12),12,1 000 À  4 999 personnes,201,1,1229,559,2.2,355937
19037,ARMAGH,Chaudière-Appalaches (12),12,0 À  999 personnes,220,1,868,434,2,97912
19045,SAINT-NÉRÉE-DE-BELLECHASSE,Chaudière-Appalaches (12),12,0 À  999 personnes,213,1,349,182,1.92,35614
19050,SAINT-LAZARE-DE-BELLECHASSE,Chaudière-Appalaches (12),12,0 À  999 personnes,163,1,764,319,2.4,79827
19055,SAINTE-CLAIRE,Chaudière-Appalaches (12),12,1 000 À  4 999 personnes,169,1,2674,1240,2.16,742142
19062,SAINT-ANSELME,Chaudière-Appalaches (12),12,1 000 À  4 999 personnes,177,1,3269,1376,2.38,1351865
19068,SAINT-HENRI,Chaudière-Appalaches (12),12,1 000 À  4 999 personnes,164,1,4527,1895,2.39,600444
19070,HONFLEUR,Chaudière-Appalaches (12),12,0 À  999 personnes,156,1,483,182,2.65,33033
19075,SAINT-GERVAIS,Chaudière-Appalaches (12),12,1 000 À  4 999 personnes,196,1,1586,623,2.55,149343
19082,SAINT-RAPHAÃ‹L,Chaudière-Appalaches (12),12,1 000 À  4 999 personnes,266,1,1264,574,2.2,170073
19090,LA DURANTAYE,Chaudière-Appalaches (12),12,0 À  999 personnes,225,1,400,178,2.25,43893
19097,SAINT-CHARLES-DE-BELLECHASSE,Chaudière-Appalaches (12),12,1 000 À  4 999 personnes,165,1,1711,734,2.33,237731
19105,BEAUMONT,Chaudière-Appalaches (12),12,1 000 À  4 999 personnes,151,1,1749,705,2.48,128855
19110,SAINT-MICHEL-DE-BELLECHASSE,Chaudière-Appalaches (12),12,1 000 À  4 999 personnes,222,1,1148,507,2.26,121419
21005,SAINT-TITE-DES-CAPS,Capitale-Nationale (03),3,0 À  999 personnes,254,1,628,329,1.91,66657
21020,SAINT-JOACHIM,Capitale-Nationale (03),3,1 000 À  4 999 personnes,275,2,1240,585,2.12,177448
21025,BEAUPRÉ,Capitale-Nationale (03),3,1 000 À  4 999 personnes,190,1,3773,2482,1.52,658904
21030,SAINTE-ANNE-DE-BEAUPRÉ,Capitale-Nationale (03),3,1 000 À  4 999 personnes,207,1,3117,1546,2.02,400772
21035,CHÃ‚TEAU-RICHER,Capitale-Nationale (03),3,1 000 À  4 999 personnes,190,1,4830,2073,2.33,518364
21040,L'ANGE-GARDIEN (03),Capitale-Nationale (03),3,1 000 À  4 999 personnes,247,1,3700,1391,2.66,421626
21045,BOISCHATEL,Capitale-Nationale (03),3,5 000 À  9 999 personnes,199,1,8594,3211,2.68,781448
22005,SAINTE-CATHERINE-DE-LA-JACQUES-CARTIER,Capitale-Nationale (03),3,5 000 À  9 999 personnes,184,2,5035,1929,2.61,484116
22010,FOSSAMBAULT-SUR-LE-LAC,Capitale-Nationale (03),3,1 000 À  4 999 personnes,180,1,2365,1062,2.23,246.49
22020,SHANNON,Capitale-Nationale (03),3,1 000 À  4 999 personnes,198,1,3732,1363,2.74,319221
22030,LAC-DELAGE,Capitale-Nationale (03),3,0 À  999 personnes,161,1,739,296,2.5,73811
22035,STONEHAM-ET-TEWKESBURY,Capitale-Nationale (03),3,1 000 À  4 999 personnes,165,4,2314,1063,2.18,208024
22040,LAC-BEAUPORT,Capitale-Nationale (03),3,1 000 À  4 999 personnes,180,1,3892,1523,2.56,392372
22045,SAINTE-BRIGITTE-DE-LAVAL,Capitale-Nationale (03),3,1 000 À  4 999 personnes,226,1,4181,1615,2.59,489.01
23027,QUÉBEC,Capitale-Nationale (03),3,100 000 personnes et plus,225,1,584139,290950,2.01,85054944
25213,LÉVIS,Chaudière-Appalaches (12),12,100 000 personnes et plus,227,3,148270,64887,2.29,18550155
26005,FRAMPTON,Chaudière-Appalaches (12),12,0 À  999 personnes,256,1,698,310,2.25,77352
26015,VALLÉE-JONCTION,Chaudière-Appalaches (12),12,1 000 À  4 999 personnes,300,1,1586,944,1.68,254469
26022,SAINT-ELZÉAR (12),Chaudière-Appalaches (12),12,1 000 À  4 999 personnes,213,1,1652,720,2.3,165752
26030,SAINTE-MARIE,Chaudière-Appalaches (12),12,10 000 À  49 999 personnes,225,1,10956,4472,2.45,1714.17
26035,SAINTE-MARGUERITE,Chaudière-Appalaches (12),12,0 À  999 personnes,136,1,581,249,2.33,39.37
26040,SAINTE-HÉNÉDINE,Chaudière-Appalaches (12),12,0 À  999 personnes,197,1,878,340,2.58,86005
26048,SCOTT,Chaudière-Appalaches (12),12,1 000 À  4 999 personnes,169,1,1617,665,2.43,129075
26055,SAINT-BERNARD,Chaudière-Appalaches (12),12,1 000 À  4 999 personnes,139,1,1678,632,2.65,138299
26070,SAINT-LAMBERT-DE-LAUZON,Chaudière-Appalaches (12),12,1 000 À  4 999 personnes,180,1,2833,1090,2.6,248151
27028,BEAUCEVILLE,Chaudière-Appalaches (12),12,1 000 À  4 999 personnes,275,1,4518,2008,2.25,690636
27035,SAINT-ODILON-DE-CRANBOURNE,Chaudière-Appalaches (12),12,0 À  999 personnes,198,1,783,331,2.37,67637
27043,SAINT-JOSEPH-DE-BEAUCE,Chaudière-Appalaches (12),12,1 000 À  4 999 personnes,190,1,4918,1744,2.82,478674
27055,SAINT-JULES,Chaudière-Appalaches (12),12,0 À  999 personnes,241,1,152,66,2.3,18.64
27060,TRING-JONCTION,Chaudière-Appalaches (12),12,1 000 À  4 999 personnes,166,1,1334,615,2.17,153947
27065,SAINT-FRÉDÉRIC,Chaudière-Appalaches (12),12,0 À  999 personnes,239,1,939,386,2.43,129123
28005,SAINT-ZACHARIE,Chaudière-Appalaches (12),12,0 À  999 personnes,221,1,594,357,1.66,75641
28015,SAINTE-AURÉLIE,Chaudière-Appalaches (12),12,0 À  999 personnes,213,1,432,276,1.57,79854
28020,SAINT-PROSPER,Chaudière-Appalaches (12),12,1 000 À  4 999 personnes,219,1,2643,1253,2.11,261293
28045,SAINTE-JUSTINE,Chaudière-Appalaches (12),12,1 000 À  4 999 personnes,218,1,1454,606,2.4,175.21
28053,LAC-ETCHEMIN,Chaudière-Appalaches (12),12,1 000 À  4 999 personnes,311,2,2791,1532,1.82,349228
28060,SAINT-LUC-DE-BELLECHASSE,Chaudière-Appalaches (12),12,0 À  999 personnes,230,1,258,129,2,24452
28065,SAINTE-SABINE (12),Chaudière-Appalaches (12),12,0 À  999 personnes,233,1,180,124,1.45,20.68
28075,SAINT-MAGLOIRE,Chaudière-Appalaches (12),12,0 À  999 personnes,197,1,572,376,1.52,51294
29013,SAINT-GÉDÉON-DE-BEAUCE,Chaudière-Appalaches (12),12,1 000 À  4 999 personnes,174,1,1801,771,2.34,187636
29030,LA GUADELOUPE,Chaudière-Appalaches (12),12,1 000 À  4 999 personnes,175,1,1653,719,2.3,162173
29038,SAINT-HONORÉ-DE-SHENLEY,Chaudière-Appalaches (12),12,1 000 À  4 999 personnes,219,1,1156,425,2.72,138443
29045,SAINT-MARTIN,Chaudière-Appalaches (12),12,1 000 À  4 999 personnes,184,1,1901,866,2.19,157206
29057,SAINT-CÔME-LINIÈRE,Chaudière-Appalaches (12),12,1 000 À  4 999 personnes,172,1,2122,890,2.38,248595
29073,SAINT-GEORGES,Chaudière-Appalaches (12),12,10 000 À  49 999 personnes,218,1,27568,12514,2.2,3403764
29100,SAINT-BENOÃŽT-LABRE,Chaudière-Appalaches (12),12,0 À  999 personnes,124,1,781,343,2.28,94616
29112,SAINT-ÉPHREM-DE-BEAUCE,Chaudière-Appalaches (12),12,1 000 À  4 999 personnes,171,1,1803,739,2.44,170246
29120,NOTRE-DAME-DES-PINS,Chaudière-Appalaches (12),12,1 000 À  4 999 personnes,162,1,1456,669,2.18,121752
30010,NOTRE-DAME-DES-BOIS,Estrie (05),5,0 À  999 personnes,168,1,225,99,2.27,16469
30020,PIOPOLIS,Estrie (05),5,0 À  999 personnes,172,1,114,64,1.78,10165
30025,FRONTENAC,Estrie (05),5,0 À  999 personnes,194,1,418,184,2.27,33867
30030,LAC-MÉGANTIC,Estrie (05),5,5 000 À  9 999 personnes,166,1,5804,3071,1.89,959257
30045,NANTES,Estrie (05),5,0 À  999 personnes,160,2,947,398,2.38,71678
30050,SAINTE-CÉCILE-DE-WHITTON,Estrie (05),5,0 À  999 personnes,156,1,195,85,2.3,34809
30055,AUDET,Estrie (05),5,0 À  999 personnes,109,1,311,117,2.66,23225
30072,SAINT-LUDGER,Estrie (05),5,0 À  999 personnes,155,1,210,93,2.26,18242
30080,LAC-DROLET,Estrie (05),5,0 À  999 personnes,143,1,632,294,2.15,69.45
30085,SAINT-SÉBASTIEN (05),Estrie (05),5,0 À  999 personnes,177,1,465,202,2.3,55387
30090,COURCELLES,Estrie (05),5,0 À  999 personnes,172,1,492,251,1.96,55715
30095,LAMBTON,Estrie (05),5,1 000 À  4 999 personnes,158,1,1314,582,2.26,198157
30100,SAINT-ROMAIN,Estrie (05),5,0 À  999 personnes,164,1,391,185,2.12,51862
31008,BEAULAC-GARTHBY,Chaudière-Appalaches (12),12,0 À  999 personnes,380,1,315,169,1.87,51142
31015,DISRAELI (V),Chaudière-Appalaches (12),12,1 000 À  4 999 personnes,134,1,2157,1129,1.91,349499
31045,SAINT-JOSEPH-DE-COLERAINE,Chaudière-Appalaches (12),12,1 000 À  4 999 personnes,180,2,1124,565,1.99,192781
31056,ADSTOCK,Chaudière-Appalaches (12),12,0 À  999 personnes,166,1,893,432,2.07,84734
31084,THETFORD MINES,Chaudière-Appalaches (12),12,10 000 À  49 999 personnes,363,2,24459,12535,1.95,3820851
31095,SAINT-ADRIEN-D'IRLANDE,Chaudière-Appalaches (12),12,0 À  999 personnes,136,1,72,34,2.11,5.11
31135,SAINT-PIERRE-DE-BROUGHTON,Chaudière-Appalaches (12),12,0 À  999 personnes,191,1,279,150,1.86,42753
31140,SAINT-JACQUES-DE-LEEDS,Chaudière-Appalaches (12),12,0 À  999 personnes,204,1,414,204,2.03,38193
32013,SAINT-FERDINAND,Centre-du-Québec (17),17,1 000 À  4 999 personnes,179,1,1160,603,1.92,119147
32033,PRINCEVILLE,Centre-du-Québec (17),17,5 000 À  9 999 personnes,308,1,5002,2199,2.27,1024764
32040,PLESSISVILLE (V),Centre-du-Québec (17),17,5 000 À  9 999 personnes,151,1,6920,3567,1.94,1204324
32050,SAINT-PIERRE-BAPTISTE,Centre-du-Québec (17),17,0 À  999 personnes,121,1,136,67,2.02,8205
32065,LYSTER,Centre-du-Québec (17),17,1 000 À  4 999 personnes,179,1,1157,543,2.13,98595
32072,LAURIERVILLE,Centre-du-Québec (17),17,0 À  999 personnes,228,1,737,335,2.2,98.81
33017,SAINTE-AGATHE-DE-LOTBINIÈRE,Chaudière-Appalaches (12),12,0 À  999 personnes,112,1,815,372,2.19,69993
33025,SAINT-PATRICE-DE-BEAURIVAGE,Chaudière-Appalaches (12),12,0 À  999 personnes,232,1,614,268,2.29,74467
33030,SAINT-NARCISSE-DE-BEAURIVAGE,Chaudière-Appalaches (12),12,0 À  999 personnes,165,1,673,285,2.36,65027
33035,SAINT-GILLES,Chaudière-Appalaches (12),12,1 000 À  4 999 personnes,218,1,1615,689,2.34,159152
33045,SAINT-AGAPIT,Chaudière-Appalaches (12),12,1 000 À  4 999 personnes,157,1,3516,1507,2.33,323929
33052,SAINT-FLAVIEN,Chaudière-Appalaches (12),12,1 000 À  4 999 personnes,169,1,1059,449,2.36,87994
33060,LAURIER-STATION,Chaudière-Appalaches (12),12,1 000 À  4 999 personnes,141,1,2744,1182,2.32,225527
33080,SAINT-ÉDOUARD-DE-LOTBINIÈRE,Chaudière-Appalaches (12),12,0 À  999 personnes,219,1,751,303,2.48,86197
33090,SAINT-APOLLINAIRE,Chaudière-Appalaches (12),12,1 000 À  4 999 personnes,163,1,4864,1979,2.46,384967
33102,SAINTE-CROIX,Chaudière-Appalaches (12),12,1 000 À  4 999 personnes,149,1,1828,862,2.12,220897
34007,NEUVILLE,Capitale-Nationale (03),3,1 000 À  4 999 personnes,206,1,3215,1316,2.44,363.26
34017,PONT-ROUGE,Capitale-Nationale (03),3,5 000 À  9 999 personnes,231,1,8979,3522,2.55,1108106
34025,DONNACONA,Capitale-Nationale (03),3,5 000 À  9 999 personnes,244,1,7773,3532,2.2,1096515
34030,CAP-SANTÉ,Capitale-Nationale (03),3,1 000 À  4 999 personnes,185,1,3088,1314,2.35,267.47
34048,PORTNEUF,Capitale-Nationale (03),3,1 000 À  4 999 personnes,341,2,2854,1371,2.08,451.99
34058,DESCHAMBAULT-GRONDINES,Capitale-Nationale (03),3,1 000 À  4 999 personnes,265,1,2166,1082,2,399845
34065,SAINT-MARC-DES-CARRIÈRES,Capitale-Nationale (03),3,1 000 À  4 999 personnes,217,1,3049,1411,2.16,417796
34078,SAINT-CASIMIR,Capitale-Nationale (03),3,1 000 À  4 999 personnes,353,2,1420,769,1.85,239428
34097,SAINT-ALBAN,Capitale-Nationale (03),3,1 000 À  4 999 personnes,245,2,1061,469,2.26,131.2
34115,SAINT-LÉONARD-DE-PORTNEUF,Capitale-Nationale (03),3,0 À  999 personnes,111,1,523,238,2.2,26149
34128,SAINT-RAYMOND,Capitale-Nationale (03),3,5 000 À  9 999 personnes,233,1,5837,2560,2.28,913202
34135,RIVIÈRE-À-PIERRE,Capitale-Nationale (03),3,0 À  999 personnes,290,1,348,197,1.77,74765
35015,SAINT-ADELPHE,Mauricie (04),4,0 À  999 personnes,196,1,767,393,1.95,72441
35020,SAINT-SÉVERIN (04),Mauricie (04),4,0 À  999 personnes,172,1,618,346,1.79,88065
35027,SAINT-TITE,Mauricie (04),4,1 000 À  4 999 personnes,231,1,3454,1792,1.93,658345
35050,SAINTE-THÈCLE,Mauricie (04),4,1 000 À  4 999 personnes,207,1,1920,968,1.98,215588
36033,SHAWINIGAN,Mauricie (04),4,10 000 À  49 999 personnes,379,2,47513,25580,1.86,8994967
37067,TROIS-RIVIÈRES,Mauricie (04),4,100 000 personnes et plus,255,3,139814,71493,1.96,19369176
37215,SAINTE-GENEVIÈVE-DE-BATISCAN,Mauricie (04),4,0 À  999 personnes,192,1,805,434,1.85,119839
37225,SAINT-LUC-DE-VINCENNES,Mauricie (04),4,0 À  999 personnes,189,2,407,191,2.13,61083
37230,SAINT-MAURICE,Mauricie (04),4,1 000 À  4 999 personnes,156,1,3675,1451,2.53,376773
37235,NOTRE-DAME-DU-MONT-CARMEL,Mauricie (04),4,5 000 À  9 999 personnes,207,1,5675,2407,2.36,715562
37240,SAINT-NARCISSE,Mauricie (04),4,1 000 À  4 999 personnes,169,1,1147,550,2.09,109762
37245,SAINT-STANISLAS (04),Mauricie (04),4,0 À  999 personnes,140,1,820,418,1.96,98319
37250,SAINT-PROSPER-DE-CHAMPLAIN,Mauricie (04),4,0 À  999 personnes,277,1,449,232,1.94,60.07
38005,SAINT-SYLVÈRE,Centre-du-Québec (17),17,0 À  999 personnes,167,1,222,108,2.06,19645
38010,BÉCANCOUR,Centre-du-Québec (17),17,10 000 À  49 999 personnes,214,1,13235,6369,2.08,2209.41
38015,SAINTE-MARIE-DE-BLANDFORD,Centre-du-Québec (17),17,0 À  999 personnes,275,2,420,204,2.06,51217
38047,FORTIERVILLE,Centre-du-Québec (17),17,0 À  999 personnes,203,1,485,229,2.12,52351
38055,PARISVILLE,Centre-du-Québec (17),17,0 À  999 personnes,290,1,614,271,2.27,96599
38060,SAINTE-CÉCILE-DE-LÉVRARD,Centre-du-Québec (17),17,0 À  999 personnes,436,1,404,176,2.29,88982
38065,SAINT-PIERRE-LES-BECQUETS,Centre-du-Québec (17),17,1 000 À  4 999 personnes,475,1,1305,623,2.1,284333
38070,DESCHAILLONS-SUR-SAINT-LAURENT,Centre-du-Québec (17),17,0 À  999 personnes,266,1,829,452,1.83,131545
39010,HAM-NORD,Centre-du-Québec (17),17,0 À  999 personnes,159,1,559,256,2.19,47563
39015,NOTRE-DAME-DE-HAM,Centre-du-Québec (17),17,0 À  999 personnes,176,1,137,69,1.99,11472
39020,SAINT-RÉMI-DE-TINGWICK,Centre-du-Québec (17),17,0 À  999 personnes,219,1,215,116,1.85,22461
39030,CHESTERVILLE,Centre-du-Québec (17),17,0 À  999 personnes,98,1,435,153,2.84,35431
39043,SAINT-NORBERT-D'ARTHABASKA,Centre-du-Québec (17),17,0 À  999 personnes,334,1,392,162,2.42,55309
39062,VICTORIAVILLE,Centre-du-Québec (17),17,10 000 À  49 999 personnes,202,2,46471,21493,2.16,9288.04
39077,WARWICK,Centre-du-Québec (17),17,1 000 À  4 999 personnes,187,1,4650,1649,2.82,1081.81
39097,KINGSEY FALLS,Centre-du-Québec (17),17,1 000 À  4 999 personnes,172,1,1371,606,2.26,172.38
39117,SAINTE-CLOTILDE-DE-HORTON,Centre-du-Québec (17),17,0 À  999 personnes,235,1,375,171,2.19,49928
39145,SAINT-ROSAIRE,Centre-du-Québec (17),17,0 À  999 personnes,344,1,254,108,2.35,40281
39152,DAVELUYVILLE,Centre-du-Québec (17),17,1 000 À  4 999 personnes,226,1,2075,966,2.15,229172
40043,ASBESTOS,Estrie (05),5,5 000 À  9 999 personnes,330,1,6354,3377,1.88,1291215
41012,SAINT-ISIDORE-DE-CLIFTON,Estrie (05),5,0 À  999 personnes,155,1,301,167,1.8,53144
41027,LA PATRIE,Estrie (05),5,0 À  999 personnes,182,1,578,210,2.75,54643
41038,COOKSHIRE-EATON,Estrie (05),5,1 000 À  4 999 personnes,196,3,2570,1096,2.35,482863
41055,ASCOT CORNER,Estrie (05),5,0 À  999 personnes,198,1,753,290,2.6,104367
41098,WEEDON,Estrie (05),5,1 000 À  4 999 personnes,357,3,1477,706,2.09,386774
41117,DUDSWELL,Estrie (05),5,0 À  999 personnes,239,1,271,127,2.13,33108
42025,SAINT-DENIS-DE-BROMPTON,Estrie (05),5,0 À  999 personnes,297,1,247,97,2.55,35653
42032,RACINE,Estrie (05),5,0 À  999 personnes,207,1,544,238,2.28,60752
42040,BONSECOURS,Estrie (05),5,0 À  999 personnes,181,1,302,141,2.14,25391
42055,VALCOURT (V),Estrie (05),5,1 000 À  4 999 personnes,215,1,2912,1224,2.38,429818
42060,VALCOURT (CT),Estrie (05),5,0 À  999 personnes,166,2,266,139,1.91,23274
42075,MELBOURNE,Estrie (05),5,0 À  999 personnes,198,1,83,36,2.32,10535
42088,WINDSOR,Estrie (05),5,5 000 À  9 999 personnes,237,1,5029,2333,2.16,858828
42098,RICHMOND,Estrie (05),5,1 000 À  4 999 personnes,409,1,3212,1660,1.93,659.43
43027,SHERBROOKE,Estrie (05),5,100 000 personnes et plus,225,1,157537,77588,2.03,22673378
44010,EAST HEREFORD,Estrie (05),5,0 À  999 personnes,179,1,83,42,1.98,6339
44015,SAINT-HERMÉNÉGILDE,Estrie (05),5,0 À  999 personnes,254,1,62,28,2.22,8072
44023,DIXVILLE,Estrie (05),5,0 À  999 personnes,243,1,224,89,2.51,24975
44060,MARTINVILLE,Estrie (05),5,0 À  999 personnes,183,1,250,113,2.21,20674
44071,COMPTON,Estrie (05),5,1 000 À  4 999 personnes,198,1,1377,583,2.36,133.22
44080,WATERVILLE,Estrie (05),5,1 000 À  4 999 personnes,184,1,1424,578,2.46,279022
45008,STANSTEAD (V),Estrie (05),5,1 000 À  4 999 personnes,300,1,2687,1330,2.02,586187
45025,STANSTEAD (CT),Estrie (05),5,0 À  999 personnes,165,1,89,44,2.02,7292
45030,POTTON,Estrie (05),5,0 À  999 personnes,174,2,786,441,1.78,141773
45043,HATLEY (M),Estrie (05),5,0 À  999 personnes,121,2,308,151,2.04,26129
45055,HATLEY (CT),Estrie (05),5,0 À  999 personnes,176,1,409,163,2.51,34148
45072,MAGOG,Estrie (05),5,10 000 À  49 999 personnes,287,1,23605,11862,1.99,3603621
45093,EASTMAN,Estrie (05),5,0 À  999 personnes,164,1,705,321,2.2,169981
45105,STUKELY-SUD,Estrie (05),5,0 À  999 personnes,146,1,178,77,2.31,24539
45115,ORFORD,Estrie (05),5,1 000 À  4 999 personnes,393,1,2122,919,2.31,346624
46035,BEDFORD (V),Montérégie (16),16,1 000 À  4 999 personnes,213,1,3600,1474,2.44,784.64
46078,BROMONT,Montérégie (16),16,5 000 À  9 999 personnes,355,1,7657,3832,2,2042386
46080,COWANSVILLE,Montérégie (16),16,10 000 À  49 999 personnes,243,1,14545,6642,2.19,2545401
46112,FARNHAM,Montérégie (16),16,5 000 À  9 999 personnes,218,1,9361,4142,2.26,1193899
47017,GRANBY,Montérégie (16),16,50 000 À  99 999 personnes,268,1,57564,26298,2.19,9762464
47035,SHEFFORD,Montérégie (16),16,0 À  999 personnes,123,1,164,63,2.6,8.24
47047,ROXTON POND,Montérégie (16),16,1 000 À  4 999 personnes,178,1,2504,1123,2.23,197.3
48028,ACTON VALE,Montérégie (16),16,5 000 À  9 999 personnes,233,1,5457,2445,2.23,912366
48038,UPTON,Montérégie (16),16,1 000 À  4 999 personnes,232,1,1423,526,2.71,410319
49015,DURHAM-SUD,Centre-du-Québec (17),17,0 À  999 personnes,163,1,571,240,2.38,45963
49040,WICKHAM,Centre-du-Québec (17),17,0 À  999 personnes,157,1,741,294,2.52,86658
49048,SAINT-GERMAIN-DE-GRANTHAM,Centre-du-Québec (17),17,1 000 À  4 999 personnes,197,1,3578,1704,2.1,477926
49058,DRUMMONDVILLE,Centre-du-Québec (17),17,50 000 À  99 999 personnes,247,1,73535,34455,2.13,13674305
49070,SAINT-CYRILLE-DE-WENDOVER,Centre-du-Québec (17),17,1 000 À  4 999 personnes,146,1,2379,924,2.57,204973
49075,NOTRE-DAME-DU-BON-CONSEIL (VL),Centre-du-Québec (17),17,1 000 À  4 999 personnes,206,1,1810,754,2.4,1008992
49085,SAINTE-BRIGITTE-DES-SAULTS,Centre-du-Québec (17),17,0 À  999 personnes,169,1,168,83,2.02,17289
49095,SAINT-MAJORIQUE-DE-GRANTHAM,Centre-du-Québec (17),17,1 000 À  4 999 personnes,135,1,1390,509,2.73,75508
49113,SAINT-GUILLAUME,Centre-du-Québec (17),17,1 000 À  4 999 personnes,268,2,1183,544,2.17,159875
49130,SAINT-PIE-DE-GUIRE,Centre-du-Québec (17),17,0 À  999 personnes,231,2,256,110,2.33,31277
50005,SAINTE-EULALIE,Centre-du-Québec (17),17,0 À  999 personnes,187,1,547,221,2.47,71.93
50023,SAINT-WENCESLAS,Centre-du-Québec (17),17,0 À  999 personnes,183,1,824,355,2.32,73721
50030,SAINT-CÉLESTIN (VL),Centre-du-Québec (17),17,0 À  999 personnes,195,1,980,402,2.44,92703
50042,SAINT-LÉONARD-D'ASTON,Centre-du-Québec (17),17,1 000 À  4 999 personnes,190,2,1865,792,2.36,159254
50050,SAINTE-PERPÉTUE (17),Centre-du-Québec (17),17,0 À  999 personnes,159,1,538,234,2.3,69314
50065,GRAND-SAINT-ESPRIT,Centre-du-Québec (17),17,0 À  999 personnes,169,1,487,252,1.93,55348
50072,NICOLET,Centre-du-Québec (17),17,5 000 À  9 999 personnes,207,1,9148,4180,2.19,1368199
50085,LA VISITATION-DE-YAMASKA,Centre-du-Québec (17),17,0 À  999 personnes,202,1,203,95,2.13,71005
50090,SAINT-ZÉPHIRIN-DE-COURVAL,Centre-du-Québec (17),17,0 À  999 personnes,124,1,602,262,2.3,144643
50100,BAIE-DU-FEBVRE,Centre-du-Québec (17),17,0 À  999 personnes,161,2,950,490,1.94,201407
50128,SAINT-FRANÇOIS-DU-LAC,Centre-du-Québec (17),17,1 000 À  4 999 personnes,164,1,2303,1119,2.06,204601
51008,MASKINONGÉ,Mauricie (04),4,1 000 À  4 999 personnes,311,1,2347,1196,1.96,323751
51015,LOUISEVILLE,Mauricie (04),4,5 000 À  9 999 personnes,190,1,7409,3841,1.93,1431006
51020,YAMACHICHE,Mauricie (04),4,1 000 À  4 999 personnes,154,2,3475,1443,2.41,878916
51030,SAINT-SÉVÈRE,Mauricie (04),4,0 À  999 personnes,283,1,305,141,2.16,69155
51035,SAINT-LÉON-LE-GRAND (04),Mauricie (04),4,1 000 À  4 999 personnes,174,2,1071,368,2.91,250931
51040,SAINTE-URSULE,Mauricie (04),4,1 000 À  4 999 personnes,431,2,1132,542,2.09,235054
51050,SAINT-ÉDOUARD-DE-MASKINONGÉ,Mauricie (04),4,0 À  999 personnes,155,1,320,163,1.97,49.29
51055,SAINTE-ANGÈLE-DE-PRÉMONT,Mauricie (04),4,0 À  999 personnes,281,1,543,254,2.14,105401
51080,CHARETTE,Mauricie (04),4,0 À  999 personnes,322,1,721,356,2.03,103.46
51090,SAINT-ÉTIENNE-DES-GRÈS,Mauricie (04),4,1 000 À  4 999 personnes,225,1,2942,1187,2.48,273198
52007,LAVALTRIE,Lanaudière (14),14,10 000 À  49 999 personnes,196,1,12797,4959,2.58,1311654
52017,LANORAIE,Lanaudière (14),14,1 000 À  4 999 personnes,165,1,4001,1647,2.43,392175
52030,SAINTE-ÉLISABETH,Lanaudière (14),14,1 000 À  4 999 personnes,475,2,1531,645,2.37,412377
52035,BERTHIERVILLE,Lanaudière (14),14,1 000 À  4 999 personnes,168,1,4400,2314,1.9,1906341
52040,SAINTE-GENEVIÈVE-DE-BERTHIER,Lanaudière (14),14,1 000 À  4 999 personnes,183,3,2346,972,2.41,354963
52045,SAINT-IGNACE-DE-LOYOLA,Lanaudière (14),14,1 000 À  4 999 personnes,196,1,2060,1000,2.06,283745
52050,LA VISITATION-DE-L'ÃŽLE-DUPAS,Lanaudière (14),14,0 À  999 personnes,188,1,625,296,2.11,70806
52055,SAINT-BARTHÉLEMY,Lanaudière (14),14,1 000 À  4 999 personnes,170,1,1627,809,2.01,213997
52080,SAINT-GABRIEL,Lanaudière (14),14,1 000 À  4 999 personnes,499,1,2561,1452,1.76,554267
52085,SAINT-GABRIEL-DE-BRANDON,Lanaudière (14),14,0 À  999 personnes,152,1,790,429,1.84,122174
52090,SAINT-DIDACE,Lanaudière (14),14,0 À  999 personnes,167,1,70,44,1.6,7029
52095,MANDEVILLE,Lanaudière (14),14,0 À  999 personnes,200,1,841,427,1.97,87598
53005,SAINT-DAVID,Montérégie (16),16,0 À  999 personnes,175,1,893,399,2.24,185.67
53015,SAINT-AIMÉ,Montérégie (16),16,0 À  999 personnes,152,1,468,211,2.22,127.93
53020,SAINT-ROBERT,Montérégie (16),16,1 000 À  4 999 personnes,213,1,1919,829,2.32,262294
53032,SAINT-OURS,Montérégie (16),16,1 000 À  4 999 personnes,206,1,1801,867,2.08,285.2
53052,SOREL-TRACY,Montérégie (16),16,10 000 À  49 999 personnes,250,2,36080,17963,2.01,7147477
53065,SAINTE-ANNE-DE-SOREL,Montérégie (16),16,1 000 À  4 999 personnes,236,1,2772,1346,2.06,331209
54008,SAINT-PIE,Montérégie (16),16,1 000 À  4 999 personnes,224,2,4471,1855,2.41,490515
54017,SAINT-DAMASE (16),Montérégie (16),16,1 000 À  4 999 personnes,219,1,1992,1083,1.84,1682151
54030,SAINTE-MARIE-MADELEINE,Montérégie (16),16,1 000 À  4 999 personnes,198,3,3353,1083,3.1,298571
54035,LA PRÉSENTATION,Montérégie (16),16,1 000 À  4 999 personnes,186,1,2285,914,2.5,436357
54060,SAINT-DOMINIQUE,Montérégie (16),16,1 000 À  4 999 personnes,244,1,1746,691,2.53,215812
54090,SAINT-SIMON (16),Montérégie (16),16,0 À  999 personnes,175,1,680,250,2.72,82013
54095,SAINTE-HÉLÈNE-DE-BAGOT,Montérégie (16),16,0 À  999 personnes,195,1,994,419,2.37,111645
54115,SAINT-BERNARD-DE-MICHAUDVILLE,Montérégie (16),16,0 À  999 personnes,199,1,626,264,2.37,187395
54120,SAINT-LOUIS,Montérégie (16),16,0 À  999 personnes,241,1,612,279,2.19,193402
55008,ANGE-GARDIEN,Montérégie (16),16,1 000 À  4 999 personnes,295,1,2263,848,2.67,856782
55015,SAINT-PAUL-D'ABBOTSFORD,Montérégie (16),16,0 À  999 personnes,179,1,651,234,2.78,56525
55023,SAINT-CÉSAIRE,Montérégie (16),16,5 000 À  9 999 personnes,197,1,5072,2536,2,838227
55030,SAINTE-ANGÈLE-DE-MONNOIR,Montérégie (16),16,1 000 À  4 999 personnes,164,1,1271,449,2.83,113491
55048,MARIEVILLE,Montérégie (16),16,10 000 À  49 999 personnes,277,1,10025,4141,2.42,1423609
56055,SAINT-ALEXANDRE,Montérégie (16),16,1 000 À  4 999 personnes,157,1,1651,655,2.52,131.31
56083,SAINT-JEAN-SUR-RICHELIEU,Montérégie (16),16,50 000 À  99 999 personnes,275,2,96645,42245,2.29,15154211
57005,CHAMBLY,Montérégie (16),16,10 000 À  49 999 personnes,257,1,30403,11913,2.55,4101
57010,CARIGNAN,Montérégie (16),16,5 000 À  9 999 personnes,260,3,9858,3627,2.72,1050927
57020,SAINT-BASILE-LE-GRAND,Montérégie (16),16,10 000 À  49 999 personnes,197,1,18710,6734,2.78,1830925
57033,SAINT-JEAN-BAPTISTE,Montérégie (16),16,1 000 À  4 999 personnes,282,1,3118,1210,2.58,826.7
57035,MONT-SAINT-HILAIRE,Montérégie (16),16,10 000 À  49 999 personnes,235,1,19643,8498,2.31,2815001
57040,BELOEIL,Montérégie (16),16,10 000 À  49 999 personnes,222,1,24066,9716,2.48,2896.31
57068,SAINT-DENIS-SUR-RICHELIEU,Montérégie (16),16,10 000 À  49 999 personnes,224,1,10988,4617,2.38,2331015
58007,BROSSARD,Montérégie (16),16,50 000 À  99 999 personnes,181,1,88919,35494,2.51,10698615
58227,LONGUEUIL,Montérégie (16),16,100 000 personnes et plus,279,1,246406,112603,2.19,51321788
59010,SAINTE-JULIE,Montérégie (16),16,10 000 À  49 999 personnes,250,1,29899,11633,2.57,4173659
59025,VERCHÈRES,Montérégie (16),16,5 000 À  9 999 personnes,178,1,5798,2446,2.37,733751
59030,CALIXA-LAVALLÉE,Montérégie (16),16,0 À  999 personnes,116,1,498,200,2.49,48362
59035,CONTRECOEUR,Montérégie (16),16,5 000 À  9 999 personnes,221,1,9696,4151,2.34,1547127
60005,CHARLEMAGNE,Lanaudière (14),14,5 000 À  9 999 personnes,203,1,6319,3165,2,1202.86
60013,REPENTIGNY,Lanaudière (14),14,50 000 À  99 999 personnes,211,1,85334,34546,2.47,9147026
60020,SAINT-SULPICE,Lanaudière (14),14,1 000 À  4 999 personnes,211,1,3494,1531,2.28,506927
60028,L'ASSOMPTION,Lanaudière (14),14,10 000 À  49 999 personnes,186,1,23611,9122,2.59,2801907
60037,L'ÉPIPHANIE,Lanaudière (14),14,5 000 À  9 999 personnes,177,1,6218,2542,2.45,613434
61005,SAINT-PAUL,Lanaudière (14),14,5 000 À  9 999 personnes,248,3,5067,2042,2.48,552895
61013,CRABTREE,Lanaudière (14),14,1 000 À  4 999 personnes,206,1,3297,1294,2.55,377837
61025,JOLIETTE,Lanaudière (14),14,10 000 À  49 999 personnes,324,1,21443,11050,1.94,4435506
61027,SAINT-THOMAS,Lanaudière (14),14,1 000 À  4 999 personnes,188,1,2881,1194,2.41,273735
61030,NOTRE-DAME-DES-PRAIRIES,Lanaudière (14),14,5 000 À  9 999 personnes,278,1,8717,4067,2.14,1187493
61035,SAINT-CHARLES-BORROMÉE,Lanaudière (14),14,10 000 À  49 999 personnes,171,1,14807,7177,2.06,1756883
61040,SAINT-AMBROISE-DE-KILDARE,Lanaudière (14),14,1 000 À  4 999 personnes,249,2,2844,1183,2.4,304975
61045,NOTRE-DAME-DE-LOURDES (14),Lanaudière (14),14,0 À  999 personnes,176,1,993,402,2.47,93783
62007,SAINT-FÉLIX-DE-VALOIS,Lanaudière (14),14,1 000 À  4 999 personnes,154,2,4857,2138,2.27,727231
62015,SAINT-JEAN-DE-MATHA,Lanaudière (14),14,1 000 À  4 999 personnes,244,1,1318,755,1.75,170745
62020,SAINTE-BÉATRIX,Lanaudière (14),14,0 À  999 personnes,158,1,260,147,1.77,42.75
62025,SAINT-ALPHONSE-RODRIGUEZ,Lanaudière (14),14,0 À  999 personnes,232,3,719,481,1.49,91285
62037,RAWDON,Lanaudière (14),14,5 000 À  9 999 personnes,256,2,6891,3425,2.01,1079585
62047,CHERTSEY,Lanaudière (14),14,0 À  999 personnes,226,1,535,242,2.21,69329
62065,SAINT-CÔME,Lanaudière (14),14,0 À  999 personnes,437,1,656,600,1.09,171.56
62070,SAINTE-ÉMÉLIE-DE-L'ÉNERGIE,Lanaudière (14),14,0 À  999 personnes,379,1,395,269,1.47,88393
62080,SAINT-ZÉNON,Lanaudière (14),14,0 À  999 personnes,209,1,357,188,1.9,34711
62085,SAINT-MICHEL-DES-SAINTS,Lanaudière (14),14,0 À  999 personnes,340,1,822,644,1.28,358361
63013,SAINT-JACQUES,Lanaudière (14),14,1 000 À  4 999 personnes,253,1,3745,1627,2.3,448211
63023,SAINT-ALEXIS,Lanaudière (14),14,0 À  999 personnes,172,1,575,207,2.78,59599
63030,SAINT-ESPRIT,Lanaudière (14),14,1 000 À  4 999 personnes,132,1,1455,618,2.35,191267
63035,SAINT-ROCH-DE-L'ACHIGAN,Lanaudière (14),14,1 000 À  4 999 personnes,220,1,3214,1274,2.52,357398
63048,SAINT-LIN-LAURENTIDES,Lanaudière (14),14,5 000 À  9 999 personnes,109,1,9044,3406,2.66,1178.03
63055,SAINT-CALIXTE,Lanaudière (14),14,1 000 À  4 999 personnes,274,1,1111,573,1.94,166086
63065,SAINT-LIGUORI,Lanaudière (14),14,0 À  999 personnes,233,1,842,347,2.43,83161
64008,TERREBONNE,Lanaudière (14),14,100 000 personnes et plus,282,1,118760,43823,2.71,15935247
64015,MASCOUCHE,Lanaudière (14),14,10 000 À  49 999 personnes,208,1,48423,18940,2.56,5231758
65005,LAVAL,Laval (13),13,100 000 personnes et plus,245,1,431098,171752,2.51,73002264
66023,MONTRÉAL,Montréal (06),6,100 000 personnes et plus,300,3,1868103,913108,2.05,512797739
66047,MONTRÉAL-OUEST,Montréal (06),6,5 000 À  9 999 personnes,200,1,5178,1999,2.59,786.61
66058,CÔTE-SAINT-LUC,Montréal (06),6,10 000 À  49 999 personnes,343,1,34761,15621,2.23,6134122
66062,HAMPSTEAD,Montréal (06),6,5 000 À  9 999 personnes,418,1,7229,2687,2.69,1513861
66072,MONT-ROYAL,Montréal (06),6,10 000 À  49 999 personnes,225,1,21146,8140,2.6,6111758
66087,DORVAL,Montréal (06),6,10 000 À  49 999 personnes,308,1,19839,9148,2.17,8238708
66097,POINTE-CLAIRE,Montréal (06),6,10 000 À  49 999 personnes,233,1,32045,13476,2.38,6975323
66102,KIRKLAND,Montréal (06),6,10 000 À  49 999 personnes,270,1,20298,6796,2.99,4461655
66112,BAIE-D'URFÉ,Montréal (06),6,1 000 À  4 999 personnes,299,1,3932,1443,2.72,1349847
66117,SAINTE-ANNE-DE-BELLEVUE,Montréal (06),6,5 000 À  9 999 personnes,207,1,5182,2153,2.41,1943125
66127,SENNEVILLE,Montréal (06),6,0 À  999 personnes,300,1,861,339,2.54,330118
66142,DOLLARD-DES-ORMEAUX,Montréal (06),6,10 000 À  49 999 personnes,298,2,49834,18376,2.71,7961312
67010,SAINT-PHILIPPE,Montérégie (16),16,5 000 À  9 999 personnes,214,1,7084,2395,2.96,610738
67015,LA PRAIRIE,Montérégie (16),16,10 000 À  49 999 personnes,289,1,27875,10961,2.54,3747284
67040,SAINT-ISIDORE (16),Montérégie (16),16,1 000 À  4 999 personnes,187,1,1919,747,2.57,233774
67045,MERCIER,Montérégie (16),16,10 000 À  49 999 personnes,268,1,13517,4974,2.72,1980484
67050,CHÃ‚TEAUGUAY,Montérégie (16),16,50 000 À  99 999 personnes,308,1,50000,19953,2.51,8980085
68010,HEMMINGFORD (VL),Montérégie (16),16,0 À  999 personnes,233,1,928,471,1.97,103343
68030,NAPIERVILLE,Montérégie (16),16,1 000 À  4 999 personnes,194,1,4219,1783,2.37,467143
68035,SAINT-CYPRIEN-DE-NAPIERVILLE,Montérégie (16),16,0 À  999 personnes,251,2,474,186,2.55,52575
68055,SAINT-RÉMI,Montérégie (16),16,5 000 À  9 999 personnes,260,1,7519,3210,2.34,1003593
69017,SAINT-CHRYSOSTOME,Montérégie (16),16,1 000 À  4 999 personnes,255,1,1324,553,2.4,170455
70022,BEAUHARNOIS,Montérégie (16),16,10 000 À  49 999 personnes,250,2,15609,6896,2.26,2851971
71020,SAINT-POLYCARPE,Montérégie (16),16,1 000 À  4 999 personnes,198,1,2725,1090,2.5,232911
71025,SAINT-ZOTIQUE,Montérégie (16),16,5 000 À  9 999 personnes,210,1,8391,3364,2.49,966878
71033,LES COTEAUX,Montérégie (16),16,5 000 À  9 999 personnes,306,1,5574,2415,2.31,746.28
71040,COTEAU-DU-LAC,Montérégie (16),16,5 000 À  9 999 personnes,266,2,7076,2690,2.63,910034
71055,POINTE-DES-CASCADES,Montérégie (16),16,1 000 À  4 999 personnes,162,1,1793,759,2.36,191389
71065,NOTRE-DAME-DE-L'ÃŽLE-PERROT,Montérégie (16),16,10 000 À  49 999 personnes,215,1,11070,3909,2.83,1383.63
71070,PINCOURT,Montérégie (16),16,10 000 À  49 999 personnes,301,1,15409,5707,2.7,1956993
71075,TERRASSE-VAUDREUIL,Montérégie (16),16,1 000 À  4 999 personnes,189,1,1990,834,2.39,224312
71100,HUDSON,Montérégie (16),16,5 000 À  9 999 personnes,253,3,5160,2331,2.21,930816
71105,SAINT-LAZARE,Montérégie (16),16,10 000 À  49 999 personnes,260,1,20821,7066,2.95,2378153
72005,SAINT-EUSTACHE,Laurentides (15),15,10 000 À  49 999 personnes,288,1,42535,18334,2.32,7550769
72010,DEUX-MONTAGNES,Laurentides (15),15,10 000 À  49 999 personnes,385,1,19247,7952,2.42,2977598
72015,SAINTE-MARTHE-SUR-LE-LAC,Laurentides (15),15,10 000 À  49 999 personnes,169,1,20352,7468,2.73,1829589
72025,SAINT-JOSEPH-DU-LAC,Laurentides (15),15,10 000 À  49 999 personnes,208,1,12468,5036,2.48,1440469
72032,OKA,Laurentides (15),15,1 000 À  4 999 personnes,255,2,3555,1294,2.75,659975
72043,SAINT-PLACIDE,Laurentides (15),15,0 À  999 personnes,143,1,453,206,2.2,78212
73005,BOISBRIAND,Laurentides (15),15,10 000 À  49 999 personnes,176,1,28243,11282,2.5,4831.46
73010,SAINTE-THÉRÈSE,Laurentides (15),15,10 000 À  49 999 personnes,577,1,26905,13859,1.94,7201.58
73015,BLAINVILLE,Laurentides (15),15,50 000 À  99 999 personnes,185,1,59591,21970,2.71,7825636
73020,ROSEMÈRE,Laurentides (15),15,10 000 À  49 999 personnes,229,2,14514,4911,2.96,2393132
73025,LORRAINE,Laurentides (15),15,5 000 À  9 999 personnes,302,1,9462,3423,2.76,1113388
73030,BOIS-DES-FILION,Laurentides (15),15,10 000 À  49 999 personnes,163,2,10601,4533,2.34,1128019
73035,SAINTE-ANNE-DES-PLAINES,Laurentides (15),15,10 000 À  49 999 personnes,192,1,13440,5600,2.4,1306701
74005,MIRABEL,Laurentides (15),15,50 000 À  99 999 personnes,176,9,54439,21165,2.57,5366887
75028,SAINTE-SOPHIE,Laurentides (15),15,1 000 À  4 999 personnes,209,2,2366,945,2.5,289242
75040,PRÉVOST,Laurentides (15),15,5 000 À  9 999 personnes,270,3,7331,2986,2.46,1189295
75045,SAINT-HIPPOLYTE,Laurentides (15),15,0 À  999 personnes,310,1,167,79,2.12,24097
76020,LACHUTE,Laurentides (15),15,10 000 À  49 999 personnes,238,1,13404,6702,2,2806347
76043,BROWNSBURG-CHATHAM,Laurentides (15),15,1 000 À  4 999 personnes,184,2,3774,1725,2.19,701644
76052,GRENVILLE-SUR-LA-ROUGE,Laurentides (15),15,0 À  999 personnes,280,1,592,254,2.33,116232
76055,GRENVILLE,Laurentides (15),15,1 000 À  4 999 personnes,263,1,1851,928,1.99,348184
77011,ESTÉREL,Laurentides (15),15,0 À  999 personnes,219,1,72,30,2.39,60165
77012,SAINTE-MARGUERITE-DU-LAC-MASSON,Laurentides (15),15,1 000 À  4 999 personnes,452,1,1075,756,1.42,211.55
77022,SAINTE-ADÈLE,Laurentides (15),15,10 000 À  49 999 personnes,185,1,11332,6501,1.74,2278837
77030,PIEDMONT,Laurentides (15),15,1 000 À  4 999 personnes,447,1,2996,2082,1.44,818496
77043,SAINT-SAUVEUR,Laurentides (15),15,5 000 À  9 999 personnes,262,2,6851,4366,1.57,1330686
77050,MORIN-HEIGHTS,Laurentides (15),15,1 000 À  4 999 personnes,215,6,1936,922,2.1,260596
77065,SAINT-ADOLPHE-D'HOWARD,Laurentides (15),15,0 À  999 personnes,401,2,888,648,1.37,200706
78005,VAL-MORIN,Laurentides (15),15,1 000 À  4 999 personnes,425,2,2224,1327,1.68,441305
78010,VAL-DAVID,Laurentides (15),15,5 000 À  9 999 personnes,221,2,5074,2900,1.75,881449
78020,SAINTE-LUCIE-DES-LAURENTIDES,Laurentides (15),15,0 À  999 personnes,304,2,642,350,1.83,101098
78032,SAINTE-AGATHE-DES-MONTS,Laurentides (15),15,5 000 À  9 999 personnes,250,1,6948,3773,1.84,2338418
78047,SAINT-FAUSTIN-LAC-CARRÉ,Laurentides (15),15,1 000 À  4 999 personnes,255,1,2155,1237,1.74,477799
78065,HUBERDEAU,Laurentides (15),15,0 À  999 personnes,142,1,458,252,1.82,86124
78070,AMHERST,Laurentides (15),15,0 À  999 personnes,208,1,429,210,2.04,41276
78075,BRÉBEUF,Laurentides (15),15,0 À  999 personnes,206,1,860,402,2.14,90728
78102,MONT-TREMBLANT,Laurentides (15),15,5 000 À  9 999 personnes,420,2,6031,5383,1.12,2587289
78115,LA CONCEPTION,Laurentides (15),15,0 À  999 personnes,180,1,894,298,3,75136
78120,LABELLE,Laurentides (15),15,1 000 À  4 999 personnes,473,1,1343,814,1.65,290825
78130,LA MINERVE,Laurentides (15),15,0 À  999 personnes,294,1,258,86,3,35251
79010,NOTRE-DAME-DE-PONTMAIN,Laurentides (15),15,0 À  999 personnes,225,1,170,97,1.75,17.11
79022,SAINT-AIMÉ-DU-LAC-DES-ÃŽLES,Laurentides (15),15,0 À  999 personnes,175,1,100,51,1.97,7477
79025,KIAMIKA,Laurentides (15),15,0 À  999 personnes,284,1,131,75,1.75,22.22
79030,NOMININGUE,Laurentides (15),15,0 À  999 personnes,484,1,638,355,1.8,264834
79037,RIVIÈRE-ROUGE,Laurentides (15),15,1 000 À  4 999 personnes,291,2,2703,1502,1.8,529905
79047,LA MACAZA,Laurentides (15),15,0 À  999 personnes,138,1,54,23,2.35,3992
79050,L'ASCENSION,Laurentides (15),15,0 À  999 personnes,205,1,306,177,1.73,35274
79078,LAC-DES-ÉCORCES,Laurentides (15),15,1 000 À  4 999 personnes,240,2,1433,682,2.1,187169
79097,FERME-NEUVE,Laurentides (15),15,1 000 À  4 999 personnes,198,1,2393,1210,1.98,261298
79110,MONT-SAINT-MICHEL,Laurentides (15),15,0 À  999 personnes,267,1,375,149,2.52,42409
79115,SAINTE-ANNE-DU-LAC,Laurentides (15),15,0 À  999 personnes,339,1,264,174,1.52,52423
80005,FASSETT,Outaouais (07),7,0 À  999 personnes,139,1,692,383,1.81,52885
80015,NOTRE-DAME-DE-BONSECOURS,Outaouais (07),7,0 À  999 personnes,284,1,62,31,1.99,8431
80037,PAPINEAUVILLE,Outaouais (07),7,1 000 À  4 999 personnes,141,1,1867,990,1.89,249081
80050,THURSO,Outaouais (07),7,1 000 À  4 999 personnes,259,1,3016,1457,2.07,402264
80090,MONTPELLIER,Outaouais (07),7,0 À  999 personnes,186,1,263,138,1.9,21913
80103,CHÉNÉVILLE,Outaouais (07),7,0 À  999 personnes,193,1,609,322,1.89,91457
80135,DUHAMEL,Outaouais (07),7,0 À  999 personnes,438,1,55,31,1.76,11.58
81017,GATINEAU,Outaouais (07),7,100 000 personnes et plus,250,1,286639,129190,2.22,39041765
82025,CHELSEA,Outaouais (07),7,0 À  999 personnes,176,1,246,104,2.36,126.65
82030,PONTIAC,Outaouais (07),7,0 À  999 personnes,345,1,810,351,2.31,170287
83065,MANIWAKI,Outaouais (07),7,1 000 À  4 999 personnes,169,1,3890,2131,1.83,780675
85010,KIPAWA,Abitibi-Témiscamingue (08),8,0 À  999 personnes,130,1,140,70,2,8347
85015,SAINT-ÉDOUARD-DE-FABRE,Abitibi-Témiscamingue (08),8,0 À  999 personnes,203,1,449,212,2.12,46.56
85020,BÉARN,Abitibi-Témiscamingue (08),8,0 À  999 personnes,265,1,634,320,1.98,209395
85025,VILLE-MARIE,Abitibi-Témiscamingue (08),8,1 000 À  4 999 personnes,315,1,2493,1194,2.09,366923
85037,LORRAINVILLE,Abitibi-Témiscamingue (08),8,0 À  999 personnes,242,1,956,525,1.82,111859
85045,SAINT-BRUNO-DE-GUIGUES,Abitibi-Témiscamingue (08),8,0 À  999 personnes,197,1,581,256,2.27,67147
85052,LAVERLOCHÈRE-ANGLIERS,Abitibi-Témiscamingue (08),8,0 À  999 personnes,212,1,570,228,2.5,262979
85060,LATULIPE-ET-GABOURY,Abitibi-Témiscamingue (08),8,0 À  999 personnes,217,1,290,138,2.1,25298
85085,SAINT-EUGÈNE-DE-GUIGUES,Abitibi-Témiscamingue (08),8,0 À  999 personnes,304,1,173,69,2.5,24176
85090,NOTRE-DAME-DU-NORD,Abitibi-Témiscamingue (08),8,0 À  999 personnes,289,1,888,475,1.87,142733
85100,NÉDÉLEC,Abitibi-Témiscamingue (08),8,0 À  999 personnes,187,1,137,72,1.9,11829
86042,ROUYN-NORANDA,Abitibi-Témiscamingue (08),8,10 000 À  49 999 personnes,97,4,37539,15935,2.36,4650.41
87058,MACAMIC,Abitibi-Témiscamingue (08),8,1 000 À  4 999 personnes,285,1,1452,592,2.45,220655
87080,LA REINE,Abitibi-Témiscamingue (08),8,0 À  999 personnes,140,1,256,115,2.22,17358
87085,DUPUY,Abitibi-Témiscamingue (08),8,0 À  999 personnes,121,1,606,262,2.31,80511
87090,LA SARRE,Abitibi-Témiscamingue (08),8,5 000 À  9 999 personnes,215,1,7472,3516,2.13,1055804
88035,LANDRIENNE,Abitibi-Témiscamingue (08),8,0 À  999 personnes,118,1,679,270,2.52,38569
88055,AMOS,Abitibi-Témiscamingue (08),8,10 000 À  49 999 personnes,272,1,12820,5717,2.24,2246933
88060,SAINT-FÉLIX-DE-DALQUIER,Abitibi-Témiscamingue (08),8,0 À  999 personnes,265,1,612,232,2.64,66584
89008,VAL-D'OR,Abitibi-Témiscamingue (08),8,10 000 À  49 999 personnes,229,3,27880,12497,2.23,3930.36
89010,RIVIÈRE-HÉVA,Abitibi-Témiscamingue (08),8,0 À  999 personnes,265,1,103,43,2.4,16411
90012,LA TUQUE,Mauricie (04),4,5 000 À  9 999 personnes,609,3,8074,5090,1.59,2920523
91005,LAC-BOUCHETTE,Saguenay–Lac-Saint-Jean (02),2,0 À  999 personnes,218,1,851,450,1.89,131008
91010,SAINT-ANDRÉ-DU-LAC-SAINT-JEAN,Saguenay–Lac-Saint-Jean (02),2,0 À  999 personnes,283,1,237,120,1.98,34596
91015,SAINT-FRANÇOIS-DE-SALES,Saguenay–Lac-Saint-Jean (02),2,0 À  999 personnes,222,1,512,262,1.95,133463
91020,CHAMBORD,Saguenay–Lac-Saint-Jean (02),2,1 000 À  4 999 personnes,263,1,1760,878,2,333029
91025,ROBERVAL,Saguenay–Lac-Saint-Jean (02),2,5 000 À  9 999 personnes,271,1,9755,4498,2.17,1575186
91030,SAINTE-HEDWIDGE,Saguenay–Lac-Saint-Jean (02),2,0 À  999 personnes,284,1,447,221,2.02,58023
91042,SAINT-FÉLICIEN,Saguenay–Lac-Saint-Jean (02),2,5 000 À  9 999 personnes,273,1,9556,4247,2.25,1550.96
91050,LA DORÉ,Saguenay–Lac-Saint-Jean (02),2,1 000 À  4 999 personnes,250,1,1329,618,2.15,225474
92005,SAINT-AUGUSTIN (02),Saguenay–Lac-Saint-Jean (02),2,0 À  999 personnes,583,1,295,134,2.2,90744
92022,DOLBEAU-MISTASSINI,Saguenay–Lac-Saint-Jean (02),2,10 000 À  49 999 personnes,216,2,13310,5848,2.28,2253526
92030,ALBANEL,Saguenay–Lac-Saint-Jean (02),2,1 000 À  4 999 personnes,307,2,1258,509,2.47,220.36
92045,SAINT-THOMAS-DIDYME,Saguenay–Lac-Saint-Jean (02),2,0 À  999 personnes,239,1,675,317,2.13,84592
92050,SAINT-EDMOND-LES-PLAINES,Saguenay–Lac-Saint-Jean (02),2,0 À  999 personnes,207,1,284,130,2.19,31.44
92055,GIRARDVILLE,Saguenay–Lac-Saint-Jean (02),2,0 À  999 personnes,231,1,784,410,1.91,90874
92065,SAINT-EUGÈNE-D'ARGENTENAY,Saguenay–Lac-Saint-Jean (02),2,0 À  999 personnes,246,1,428,186,2.3,52227
92070,SAINT-STANISLAS (02),Saguenay–Lac-Saint-Jean (02),2,0 À  999 personnes,160,1,108,47,2.3,15687
93005,DESBIENS,Saguenay–Lac-Saint-Jean (02),2,1 000 À  4 999 personnes,348,1,1040,497,2.09,170602
93012,MÉTABETCHOUAN-LAC-À-LA-CROIX,Saguenay–Lac-Saint-Jean (02),2,1 000 À  4 999 personnes,279,2,2756,1300,2.12,473.29
93020,HÉBERTVILLE,Saguenay–Lac-Saint-Jean (02),2,1 000 À  4 999 personnes,262,1,2481,1094,2.27,458658
93025,HÉBERTVILLE-STATION,Saguenay–Lac-Saint-Jean (02),2,1 000 À  4 999 personnes,310,1,1398,582,2.4,252777
93030,SAINT-BRUNO,Saguenay–Lac-Saint-Jean (02),2,1 000 À  4 999 personnes,237,2,2951,1197,2.47,530.3
93035,SAINT-GÉDÉON,Saguenay–Lac-Saint-Jean (02),2,1 000 À  4 999 personnes,532,1,3108,1372,2.27,884746
93042,ALMA,Saguenay–Lac-Saint-Jean (02),2,10 000 À  49 999 personnes,246,1,30879,14515,2.13,4492177
93045,SAINT-NAZAIRE,Saguenay–Lac-Saint-Jean (02),2,1 000 À  4 999 personnes,127,1,1748,657,2.66,188604
93055,LABRECQUE,Saguenay–Lac-Saint-Jean (02),2,1 000 À  4 999 personnes,266,1,1076,462,2.33,181132
93060,LAMARCHE,Saguenay–Lac-Saint-Jean (02),2,0 À  999 personnes,191,1,347,196,1.77,38
93065,L'ASCENSION-DE-NOTRE-SEIGNEUR,Saguenay–Lac-Saint-Jean (02),2,1 000 À  4 999 personnes,209,1,2330,1062,2.19,265223
93070,SAINT-HENRI-DE-TAILLON,Saguenay–Lac-Saint-Jean (02),2,0 À  999 personnes,214,1,926,333,2.78,204.01
93075,SAINTE-MONIQUE (02),Saguenay–Lac-Saint-Jean (02),2,0 À  999 personnes,261,1,959,425,2.26,113.18
94068,SAGUENAY,Saguenay–Lac-Saint-Jean (02),2,100 000 personnes et plus,250,8,137579,65628,2.1,27845.36
94205,PETIT-SAGUENAY,Saguenay–Lac-Saint-Jean (02),2,0 À  999 personnes,314,1,419,246,1.7,82283
94220,FERLAND-ET-BOILLEAU,Saguenay–Lac-Saint-Jean (02),2,0 À  999 personnes,184,1,83,41,2.03,6874
94225,SAINT-FÉLIX-D'OTIS,Saguenay–Lac-Saint-Jean (02),2,0 À  999 personnes,364,1,280,143,1.96,46267
94230,SAINTE-ROSE-DU-NORD,Saguenay–Lac-Saint-Jean (02),2,0 À  999 personnes,372,1,244,132,1.85,44947
94235,SAINT-FULGENCE,Saguenay–Lac-Saint-Jean (02),2,1 000 À  4 999 personnes,167,1,1993,581,3.43,219317
94240,SAINT-HONORÉ,Saguenay–Lac-Saint-Jean (02),2,5 000 À  9 999 personnes,207,1,5991,2428,2.47,823415
94245,SAINT-DAVID-DE-FALARDEAU,Saguenay–Lac-Saint-Jean (02),2,1 000 À  4 999 personnes,304,2,1887,892,2.12,519267
94250,BÉGIN,Saguenay–Lac-Saint-Jean (02),2,0 À  999 personnes,242,1,581,294,1.98,67478
94260,SAINT-CHARLES-DE-BOURGET,Saguenay–Lac-Saint-Jean (02),2,0 À  999 personnes,448,1,599,275,2.18,143077
94265,LAROUCHE,Saguenay–Lac-Saint-Jean (02),2,0 À  999 personnes,234,1,864,392,2.2,133297
95005,TADOUSSAC,Côte-Nord (09),9,0 À  999 personnes,229,1,757,422,1.79,164923
95018,LES BERGERONNES,Côte-Nord (09),9,0 À  999 personnes,303,1,439,224,1.96,110.63
95032,LONGUE-RIVE,Côte-Nord (09),9,1 000 À  4 999 personnes,282,1,1171,565,2.07,226198
95040,PORTNEUF-SUR-MER,Côte-Nord (09),9,0 À  999 personnes,333,1,617,369,1.67,91874
96005,BAIE-TRINITÉ,Côte-Nord (09),9,0 À  999 personnes,308,1,280,234,1.2,118109
96020,BAIE-COMEAU,Côte-Nord (09),9,10 000 À  49 999 personnes,297,1,23571,10303,2.29,4283371
96030,POINTE-AUX-OUTARDES,Côte-Nord (09),9,1 000 À  4 999 personnes,177,2,1380,589,2.34,116394
96035,CHUTE-AUX-OUTARDES,Côte-Nord (09),9,1 000 À  4 999 personnes,289,1,1904,738,2.58,417636
96040,RAGUENEAU,Côte-Nord (09),9,1 000 À  4 999 personnes,266,1,1498,643,2.33,191098
97007,SEPT-ÃŽLES,Côte-Nord (09),9,10 000 À  49 999 personnes,348,4,29228,12579,2.32,7862861
97022,PORT-CARTIER,Côte-Nord (09),9,5 000 À  9 999 personnes,248,1,6525,2697,2.42,986745
97035,FERMONT,Côte-Nord (09),9,1 000 À  4 999 personnes,211,1,2656,1510,1.76,485728
98012,SAINT-AUGUSTIN (09),Côte-Nord (09),9,0 À  999 personnes,250,1,180,63,2.85,53053
