Genre,Âge,Statut,Revenus,Fumeur?,Cigarettes par jour (week-end),Cigarettes par jour (semaine),Type
Homme,38,Divorcé,"2,600 à 5,200",Non,0,0,
Femme,42,Célibataire,"Sous 2,600",Oui,12,12,Paquets
Homme,40,Marrié,"28,600 à 36,400",Non,0,0,
Femme,40,Marrié,"10,400 à 15,600",Non,0,0,
Femme,39,Marrié,"2,600 à 5,200",Non,0,0,
Femme,37,Marrié,"15,600 à 20,800",Non,0,0,
Homme,53,Marrié,"Au-dessus 36,400",Oui,6,6,Paquets
Homme,44,Célibataire,"10,400 à 15,600",Non,0,0,
Homme,40,Célibataire,"2,600 à 5,200",Oui,8,8,Roulées à la main
Femme,41,Marrié,"5,200 à 10,400",Oui,15,12,Paquets
Homme,72,Veuf,"10,400 à 15,600",Non,0,0,
Homme,49,Marrié,,Non,0,0,
Homme,29,Marrié,"Au-dessus 36,400",Non,0,0,
Femme,79,Veuf,"10,400 à 15,600",Non,0,0,
Homme,25,Célibataire,"15,600 à 20,800",Non,0,0,
Femme,27,Célibataire,"15,600 à 20,800",Non,0,0,
Femme,30,Célibataire,"20,800 à 28,600",Non,0,0,
Homme,47,Divorcé,"10,400 à 15,600",Non,0,0,
Femme,69,Célibataire,"2,600 à 5,200",Non,0,0,
Homme,55,Marrié,"20,800 à 28,600",Non,0,0,
Femme,34,Marrié,"2,600 à 5,200",Oui,6,12,Paquets
Femme,36,Marrié,"5,200 à 10,400",Oui,5,2,Paquets
Femme,56,Marrié,"2,600 à 5,200",Oui,20,20,Paquets
Homme,71,Divorcé,,Non,0,0,
Femme,38,Marrié,"5,200 à 10,400",Non,0,0,
Femme,79,Marrié,"Sous 2,600",Non,0,0,
Femme,58,Divorcé,"5,200 à 10,400",Oui,25,20,Paquets
Femme,69,Marrié,"Sous 2,600",Non,0,0,
Homme,83,Veuf,"2,600 à 5,200",Non,0,0,
Femme,73,Veuf,"5,200 à 10,400",Non,0,0,
Femme,42,Marrié,,Oui,40,15,Paquets
Femme,31,Marrié,"Sous 2,600",Oui,15,15,Les deux
Homme,26,Célibataire,"2,600 à 5,200",Non,0,0,
Femme,27,Separated,"15,600 à 20,800",Non,0,0,
Femme,57,Marrié,"10,400 à 15,600",Non,0,0,
Femme,30,Marrié,"2,600 à 5,200",Non,0,0,
Femme,22,Célibataire,"5,200 à 10,400",Non,0,0,
Femme,78,Veuf,"Sous 2,600",Oui,20,20,Paquets
Femme,49,Marrié,"15,600 à 20,800",Non,0,0,
Homme,74,Marrié,"15,600 à 20,800",Non,0,0,
Homme,85,Veuf,"20,800 à 28,600",Non,0,0,
Homme,75,Marrié,,Non,0,0,
Femme,80,Veuf,"2,600 à 5,200",Non,0,0,
Femme,37,Marrié,"Sous 2,600",Non,0,0,
Femme,33,Célibataire,"10,400 à 15,600",Non,0,0,
Homme,41,Divorcé,"15,600 à 20,800",Non,0,0,
Femme,81,Veuf,"2,600 à 5,200",Non,0,0,
Femme,76,Veuf,"2,600 à 5,200",Oui,6,6,Paquets
Femme,58,Marrié,"10,400 à 15,600",Non,0,0,
Homme,59,Marrié,"15,600 à 20,800",Oui,25,25,Paquets
Femme,40,Divorcé,"5,200 à 10,400",Oui,4,4,Paquets
Femme,54,Divorcé,"10,400 à 15,600",Non,0,0,
Homme,49,Marrié,"Au-dessus 36,400",Non,0,0,
Femme,79,Veuf,"5,200 à 10,400",Non,0,0,
Homme,28,Marrié,"20,800 à 28,600",Oui,20,20,Paquets
Homme,44,Marrié,"5,200 à 10,400",Non,0,0,
Femme,42,Célibataire,"10,400 à 15,600",Non,0,0,
Femme,36,Célibataire,"5,200 à 10,400",Non,0,0,
Homme,89,Veuf,"5,200 à 10,400",Non,0,0,
Femme,64,Marrié,"2,600 à 5,200",Non,0,0,
Femme,76,Marrié,"Sous 2,600",Non,0,0,
Femme,76,Marrié,"Sous 2,600",Non,0,0,
Femme,61,Marrié,"2,600 à 5,200",Non,0,0,
Femme,81,Veuf,"5,200 à 10,400",Non,0,0,
Femme,20,Célibataire,"2,600 à 5,200",Oui,20,10,Paquets
Femme,82,Veuf,"5,200 à 10,400",Non,0,0,
Femme,23,Célibataire,"5,200 à 10,400",Oui,20,10,Paquets
Homme,41,Marrié,"Au-dessus 36,400",Non,0,0,
Femme,31,Célibataire,"15,600 à 20,800",Non,0,0,
Femme,44,Marrié,"20,800 à 28,600",Oui,5,0,Paquets
Femme,42,Marrié,"10,400 à 15,600",Non,0,0,
Homme,67,Veuf,"5,200 à 10,400",Oui,20,20,Paquets
Homme,53,Marrié,"20,800 à 28,600",Non,0,0,
Homme,76,Marrié,"10,400 à 15,600",Non,0,0,
Homme,40,Marrié,"2,600 à 5,200",Oui,30,30,Roulées à la main
Homme,44,Marrié,"15,600 à 20,800",Non,0,0,
Femme,31,Separated,"15,600 à 20,800",Oui,20,20,Paquets
Homme,43,Divorcé,"2,600 à 5,200",Oui,20,20,Roulées à la main
Femme,36,Separated,"10,400 à 15,600",Non,0,0,
Femme,34,Divorcé,"10,400 à 15,600",Non,0,0,
Femme,18,Célibataire,"2,600 à 5,200",Oui,10,3,Paquets
Homme,56,Marrié,"5,200 à 10,400",Non,0,0,
Femme,73,Marrié,"Sous 2,600",Non,0,0,
Femme,22,Célibataire,"2,600 à 5,200",Oui,20,20,Paquets
Femme,33,Célibataire,"15,600 à 20,800",Non,0,0,
Homme,27,Célibataire,"15,600 à 20,800",Oui,10,0,Paquets
Femme,33,Marrié,"10,400 à 15,600",Non,0,0,
Femme,63,Marrié,"Sous 2,600",Non,0,0,
Femme,64,Marrié,"2,600 à 5,200",Non,0,0,
Homme,54,Marrié,"Au-dessus 36,400",Non,0,0,
Femme,34,Marrié,"Sous 2,600",Non,0,0,
Homme,78,Marrié,"10,400 à 15,600",Non,0,0,
Femme,54,Marrié,"Sous 2,600",Non,0,0,
Homme,56,Separated,"28,600 à 36,400",Non,0,0,
Homme,78,Veuf,"2,600 à 5,200",Non,0,0,
Femme,37,Marrié,"5,200 à 10,400",Non,0,0,
Homme,54,Marrié,"28,600 à 36,400",Non,0,0,
Femme,40,Marrié,"20,800 à 28,600",Oui,15,15,Roulées à la main
Femme,64,Divorcé,"2,600 à 5,200",Non,0,0,
Femme,42,Marrié,"5,200 à 10,400",Non,0,0,
Femme,34,Marrié,"2,600 à 5,200",Non,0,0,
Femme,64,Marrié,"Sous 2,600",Non,0,0,
Femme,50,Divorcé,"15,600 à 20,800",Non,0,0,
Femme,31,Marrié,"10,400 à 15,600",Non,0,0,
Femme,37,Marrié,"Au-dessus 36,400",Non,0,0,
Homme,81,Marrié,"10,400 à 15,600",Non,0,0,
Homme,57,Separated,"5,200 à 10,400",Oui,10,10,Roulées à la main
Femme,59,Marrié,"2,600 à 5,200",Non,0,0,
Homme,66,Marrié,"20,800 à 28,600",Non,0,0,
Homme,57,Marrié,"20,800 à 28,600",Non,0,0,
Femme,78,Veuf,"5,200 à 10,400",Non,0,0,
Homme,49,Marrié,"20,800 à 28,600",Non,0,0,
Femme,62,Marrié,"15,600 à 20,800",Non,0,0,
Femme,17,Célibataire,"2,600 à 5,200",Non,0,0,
Femme,36,Célibataire,"15,600 à 20,800",Non,0,0,
Femme,31,Célibataire,,Oui,7,7,Paquets
Femme,61,Marrié,"15,600 à 20,800",Oui,25,25,Paquets
Homme,71,Veuf,"15,600 à 20,800",Oui,40,40,Paquets
Femme,75,Veuf,"5,200 à 10,400",Oui,12,12,Paquets
Femme,43,Marrié,"Au-dessus 36,400",Non,0,0,
Femme,68,Veuf,,Non,0,0,
Femme,65,Veuf,"15,600 à 20,800",Non,0,0,
Femme,85,Veuf,"5,200 à 10,400",Non,0,0,
Femme,35,Separated,"5,200 à 10,400",Oui,20,20,Les deux
Femme,52,Marrié,"15,600 à 20,800",Non,0,0,
Femme,28,Célibataire,"5,200 à 10,400",Oui,15,15,Paquets
Homme,52,Célibataire,"20,800 à 28,600",Non,0,0,
Homme,67,Veuf,"5,200 à 10,400",Oui,25,25,Roulées à la main
Femme,35,Divorcé,"5,200 à 10,400",Oui,30,30,Les deux
Femme,68,Marrié,"2,600 à 5,200",Non,0,0,
Femme,34,Marrié,"10,400 à 15,600",Non,0,0,
Femme,57,Divorcé,"2,600 à 5,200",Oui,20,12,Roulées à la main
Homme,37,Marrié,"15,600 à 20,800",Oui,8,8,Roulées à la main
Femme,37,Divorcé,"5,200 à 10,400",Oui,15,15,Paquets
Homme,43,Divorcé,"10,400 à 15,600",Oui,15,15,Paquets
Homme,59,Veuf,"2,600 à 5,200",Non,0,0,
Femme,28,Célibataire,"10,400 à 15,600",Non,0,0,
Femme,60,Marrié,"5,200 à 10,400",Non,0,0,
Homme,16,Célibataire,"Sous 2,600",Non,0,0,
Homme,37,Célibataire,"2,600 à 5,200",Oui,40,40,Roulées à la main
Homme,34,Marrié,"15,600 à 20,800",Non,0,0,
Femme,73,Marrié,"5,200 à 10,400",Non,0,0,
Homme,24,Célibataire,"10,400 à 15,600",Non,0,0,
Femme,36,Célibataire,"15,600 à 20,800",Non,0,0,
Homme,39,Separated,"10,400 à 15,600",Oui,20,20,Les deux
Femme,74,Marrié,,Non,0,0,
Femme,32,Marrié,"Sous 2,600",Oui,15,15,Paquets
Femme,30,Marrié,"15,600 à 20,800",Non,0,0,
Femme,68,Marrié,"15,600 à 20,800",Non,0,0,
Femme,49,Marrié,,Non,0,0,
Femme,47,Marrié,"2,600 à 5,200",Non,0,0,
Homme,30,Célibataire,"10,400 à 15,600",Oui,30,30,Roulées à la main
Homme,60,Divorcé,"10,400 à 15,600",Oui,15,8,Roulées à la main
Homme,72,Célibataire,"15,600 à 20,800",Non,0,0,
Homme,73,Marrié,"10,400 à 15,600",Non,0,0,
Femme,48,Veuf,"10,400 à 15,600",Oui,20,4,Paquets
Homme,53,Divorcé,"Au-dessus 36,400",Non,0,0,
Homme,17,Célibataire,,Non,0,0,
Femme,58,Marrié,"5,200 à 10,400",Non,0,0,
Femme,34,Marrié,"10,400 à 15,600",Non,0,0,
Homme,44,Célibataire,"15,600 à 20,800",Non,0,0,
Homme,23,Célibataire,"5,200 à 10,400",Non,0,0,
Homme,49,Marrié,"20,800 à 28,600",Non,0,0,
Homme,30,Marrié,"15,600 à 20,800",Non,0,0,
Femme,61,Veuf,"5,200 à 10,400",Non,0,0,
Homme,38,Separated,"10,400 à 15,600",Oui,9,9,Roulées à la main
Homme,30,Célibataire,"10,400 à 15,600",Non,0,0,
Femme,44,Marrié,"15,600 à 20,800",Non,0,0,
Homme,91,Veuf,"Sous 2,600",Non,0,0,
Homme,40,Divorcé,"Au-dessus 36,400",Non,0,0,
Femme,63,Marrié,"2,600 à 5,200",Non,0,0,
Femme,61,Divorcé,"2,600 à 5,200",Oui,30,30,Paquets
Femme,40,Marrié,"5,200 à 10,400",Non,0,0,
Femme,57,Marrié,"Sous 2,600",Oui,15,15,Les deux
Femme,41,Marrié,"28,600 à 36,400",Non,0,0,
Femme,32,Célibataire,"2,600 à 5,200",Oui,7,5,Roulées à la main
Homme,76,Marrié,"5,200 à 10,400",Non,0,0,
Femme,35,Divorcé,"10,400 à 15,600",Oui,2,2,Paquets
Homme,70,Marrié,"5,200 à 10,400",Non,0,0,
Femme,75,Veuf,"5,200 à 10,400",Non,0,0,
Femme,74,Veuf,"2,600 à 5,200",Non,0,0,
Homme,49,Marrié,"Au-dessus 36,400",Non,0,0,
Femme,56,Marrié,"Sous 2,600",Non,0,0,
Homme,60,Marrié,"15,600 à 20,800",Non,0,0,
Femme,72,Veuf,"5,200 à 10,400",Non,0,0,
Homme,17,Célibataire,"5,200 à 10,400",Non,0,0,
Femme,23,Célibataire,"20,800 à 28,600",Non,0,0,
Homme,79,Marrié,"5,200 à 10,400",Non,0,0,
Femme,65,Separated,"2,600 à 5,200",Non,0,0,
Femme,57,Marrié,"5,200 à 10,400",Non,0,0,
Femme,37,Marrié,"15,600 à 20,800",Non,0,0,
Homme,79,Célibataire,"5,200 à 10,400",Non,0,0,
Femme,71,Célibataire,"2,600 à 5,200",Non,0,0,
Femme,87,Veuf,,Non,0,0,
Homme,59,Marrié,"28,600 à 36,400",Oui,40,40,Paquets
Homme,21,Célibataire,"10,400 à 15,600",Oui,20,8,Paquets
Femme,66,Marrié,"Sous 2,600",Non,0,0,
Homme,58,Marrié,"28,600 à 36,400",Non,0,0,
Homme,38,Marrié,"Au-dessus 36,400",Oui,30,15,Les deux
Homme,61,Veuf,"15,600 à 20,800",Non,0,0,
Homme,37,Separated,"Au-dessus 36,400",Non,0,0,
Femme,38,Marrié,"5,200 à 10,400",Non,0,0,
Homme,34,Marrié,"28,600 à 36,400",Non,0,0,
Femme,34,Marrié,"10,400 à 15,600",Non,0,0,
Femme,20,Célibataire,"2,600 à 5,200",Non,0,0,
Femme,77,Veuf,"5,200 à 10,400",Oui,20,20,Paquets
Femme,31,Célibataire,"2,600 à 5,200",Oui,20,15,Roulées à la main
Homme,28,Célibataire,"2,600 à 5,200",Oui,2,2,Paquets
Femme,36,Marrié,"5,200 à 10,400",Non,0,0,
Femme,16,Célibataire,"5,200 à 10,400",Oui,12,12,Paquets
Homme,42,Marrié,"5,200 à 10,400",Non,0,0,
Femme,47,Marrié,"Sous 2,600",Non,0,0,
Homme,42,Marrié,"28,600 à 36,400",Non,0,0,
Femme,67,Veuf,"2,600 à 5,200",Non,0,0,
Femme,72,Célibataire,"5,200 à 10,400",Non,0,0,
Homme,40,Divorcé,"10,400 à 15,600",Oui,25,30,Paquets
Femme,34,Célibataire,"Au-dessus 36,400",Non,0,0,
Homme,75,Marrié,"15,600 à 20,800",Non,0,0,
Femme,35,Marrié,"5,200 à 10,400",Non,0,0,
Femme,40,Separated,"5,200 à 10,400",Oui,10,10,Paquets
Femme,46,Marrié,"15,600 à 20,800",Non,0,0,
Homme,23,Marrié,"15,600 à 20,800",Non,0,0,
Homme,42,Marrié,"10,400 à 15,600",Non,0,0,
Homme,63,Marrié,"2,600 à 5,200",Non,0,0,
Femme,33,Marrié,"5,200 à 10,400",Non,0,0,
Femme,31,Marrié,"15,600 à 20,800",Non,0,0,
Homme,54,Célibataire,"5,200 à 10,400",Non,0,0,
Femme,33,Célibataire,"15,600 à 20,800",Non,0,0,
Femme,24,Célibataire,"15,600 à 20,800",Oui,12,8,Roulées à la main
Femme,80,Veuf,"5,200 à 10,400",Non,0,0,
Femme,77,Célibataire,"2,600 à 5,200",Non,0,0,
Homme,51,Marrié,"10,400 à 15,600",Non,0,0,
Homme,16,Célibataire,,Non,0,0,
Homme,27,Célibataire,,Oui,15,15,Paquets
Femme,75,Célibataire,"2,600 à 5,200",Non,0,0,
Femme,24,Célibataire,"5,200 à 10,400",Non,0,0,
Homme,78,Veuf,"5,200 à 10,400",Oui,50,50,Les deux
Femme,20,Célibataire,"5,200 à 10,400",Non,0,0,
Homme,18,Célibataire,"5,200 à 10,400",Non,0,0,
Femme,25,Separated,"10,400 à 15,600",Non,0,0,
Femme,55,Separated,"5,200 à 10,400",Oui,10,7,Les deux
Femme,29,Marrié,"10,400 à 15,600",Oui,10,5,Paquets
Femme,67,Divorcé,"5,200 à 10,400",Non,0,0,
Femme,79,Veuf,"5,200 à 10,400",Non,0,0,
Homme,44,Célibataire,"20,800 à 28,600",Non,0,0,
Homme,47,Marrié,"20,800 à 28,600",Non,0,0,
Femme,41,Divorcé,"10,400 à 15,600",Non,0,0,
Femme,31,Marrié,"10,400 à 15,600",Oui,5,0,Paquets
Homme,32,Marrié,"10,400 à 15,600",Non,0,0,
Femme,68,Veuf,,Non,0,0,
Femme,84,Veuf,"Sous 2,600",Non,0,0,
Homme,67,Marrié,"10,400 à 15,600",Non,0,0,
Homme,49,Marrié,"10,400 à 15,600",Non,0,0,
Homme,69,Marrié,"5,200 à 10,400",Oui,6,8,Roulées à la main
Homme,64,Marrié,"28,600 à 36,400",Oui,16,18,Paquets
Homme,62,Marrié,"20,800 à 28,600",Non,0,0,
Homme,52,Divorcé,"5,200 à 10,400",Non,0,0,
Homme,45,Marrié,"28,600 à 36,400",Non,0,0,
Femme,28,Divorcé,"10,400 à 15,600",Oui,15,15,Paquets
Femme,36,Célibataire,"10,400 à 15,600",Non,0,0,
Femme,73,Divorcé,"5,200 à 10,400",Non,0,0,
Homme,48,Veuf,"10,400 à 15,600",Non,0,0,
Homme,67,Veuf,"10,400 à 15,600",Oui,10,10,Les deux
Femme,38,Divorcé,"20,800 à 28,600",Non,0,0,
Femme,40,Divorcé,"10,400 à 15,600",Oui,5,0,Paquets
Homme,43,Célibataire,"15,600 à 20,800",Non,0,0,
Femme,30,Célibataire,"10,400 à 15,600",Non,0,0,
Femme,70,Veuf,"5,200 à 10,400",Non,0,0,
Femme,82,Veuf,"5,200 à 10,400",Non,0,0,
Femme,78,Veuf,"5,200 à 10,400",Non,0,0,
Homme,21,Célibataire,"Sous 2,600",Oui,20,10,Paquets
Homme,67,Veuf,"15,600 à 20,800",Non,0,0,
Homme,16,Célibataire,,Non,0,0,
Femme,21,Célibataire,"5,200 à 10,400",Oui,40,15,Paquets
Homme,68,Separated,"5,200 à 10,400",Oui,8,8,Paquets
Homme,41,Marrié,"2,600 à 5,200",Oui,20,10,Paquets
Homme,33,Célibataire,"15,600 à 20,800",Non,0,0,
Femme,28,Marrié,"Sous 2,600",Non,0,0,
Femme,75,Marrié,"2,600 à 5,200",Oui,5,5,Paquets
Femme,21,Célibataire,"5,200 à 10,400",Oui,5,10,Paquets
Femme,69,Divorcé,"2,600 à 5,200",Non,0,0,
Femme,38,Marrié,"5,200 à 10,400",Non,0,0,
Femme,33,Célibataire,"5,200 à 10,400",Oui,10,4,Paquets
Femme,47,Marrié,"5,200 à 10,400",Non,0,0,
Femme,44,Célibataire,"2,600 à 5,200",Oui,35,35,Roulées à la main
Femme,74,Marrié,"Sous 2,600",Non,0,0,
Femme,29,Marrié,"Sous 2,600",Non,0,0,
Femme,23,Marrié,"Sous 2,600",Non,0,0,
Femme,72,Veuf,"2,600 à 5,200",Non,0,0,
Femme,31,Veuf,"5,200 à 10,400",Oui,10,8,Paquets
Femme,48,Marrié,"Sous 2,600",Non,0,0,
Femme,29,Marrié,"5,200 à 10,400",Non,0,0,
Homme,72,Marrié,"5,200 à 10,400",Non,0,0,
Femme,52,Marrié,,Non,0,0,
Femme,68,Célibataire,"5,200 à 10,400",Non,0,0,
Homme,48,Marrié,"15,600 à 20,800",Oui,40,40,Les deux
Femme,55,Marrié,"10,400 à 15,600",Non,0,0,
Femme,23,Marrié,"10,400 à 15,600",Oui,7,7,Paquets
Femme,66,Veuf,"2,600 à 5,200",Non,0,0,
Femme,33,Célibataire,"15,600 à 20,800",Non,0,0,
Femme,37,Marrié,"Sous 2,600",Oui,10,10,Paquets
Homme,42,Marrié,"20,800 à 28,600",Non,0,0,
Femme,46,Marrié,"10,400 à 15,600",Oui,20,20,Roulées à la main
Homme,57,Marrié,"28,600 à 36,400",Non,0,0,
Femme,36,Marrié,"Sous 2,600",Non,0,0,
Femme,51,Marrié,"20,800 à 28,600",Non,0,0,
Femme,18,Célibataire,,Oui,8,8,Roulées à la main
Femme,69,Marrié,"Sous 2,600",Non,0,0,
Homme,30,Célibataire,"15,600 à 20,800",Non,0,0,
Homme,51,Marrié,"28,600 à 36,400",Non,0,0,
Femme,63,Marrié,"5,200 à 10,400",Non,0,0,
Femme,31,Célibataire,"28,600 à 36,400",Non,0,0,
Homme,58,Célibataire,"10,400 à 15,600",Non,0,0,
Homme,50,Marrié,"20,800 à 28,600",Oui,15,15,Paquets
Femme,67,Divorcé,"2,600 à 5,200",Oui,20,20,Roulées à la main
Homme,20,Célibataire,,Non,0,0,
Femme,45,Célibataire,"15,600 à 20,800",Non,0,0,
Femme,26,Marrié,"5,200 à 10,400",Non,0,0,
Homme,30,Célibataire,"28,600 à 36,400",Non,0,0,
Femme,43,Marrié,,Non,0,0,
Homme,73,Veuf,"2,600 à 5,200",Non,0,0,
Femme,52,Marrié,"Sous 2,600",Non,0,0,
Homme,18,Célibataire,"10,400 à 15,600",Oui,15,10,Les deux
Homme,52,Marrié,"28,600 à 36,400",Non,0,0,
Homme,33,Divorcé,"15,600 à 20,800",Non,0,0,
Femme,56,Divorcé,"15,600 à 20,800",Non,0,0,
Femme,65,Marrié,"2,600 à 5,200",Non,0,0,
Femme,30,Célibataire,"2,600 à 5,200",Non,0,0,
Femme,40,Marrié,"5,200 à 10,400",Oui,10,1,Les deux
Femme,26,Célibataire,"5,200 à 10,400",Oui,20,20,Paquets
Homme,74,Célibataire,,Non,0,0,
Femme,44,Marrié,"28,600 à 36,400",Non,0,0,
Femme,80,Veuf,"2,600 à 5,200",Non,0,0,
Femme,67,Marrié,"Sous 2,600",Non,0,0,
Femme,59,Marrié,,Non,0,0,
Femme,28,Célibataire,"5,200 à 10,400",Oui,15,10,Paquets
Femme,31,Marrié,"15,600 à 20,800",Non,0,0,
Homme,25,Célibataire,"15,600 à 20,800",Non,0,0,
Femme,64,Marrié,"Sous 2,600",Non,0,0,
Homme,68,Marrié,"2,600 à 5,200",Non,0,0,
Femme,61,Veuf,"5,200 à 10,400",Non,0,0,
Femme,50,Divorcé,"10,400 à 15,600",Non,0,0,
Homme,43,Marrié,"Au-dessus 36,400",Non,0,0,
Femme,19,Célibataire,"Sous 2,600",Non,0,0,
Femme,21,Marrié,"Sous 2,600",Non,0,0,
Homme,51,Divorcé,"2,600 à 5,200",Non,0,0,
Homme,65,Célibataire,"5,200 à 10,400",Non,0,0,
Femme,50,Separated,"2,600 à 5,200",Non,0,0,
Femme,38,Célibataire,"2,600 à 5,200",Non,0,0,
Femme,78,Veuf,"5,200 à 10,400",Non,0,0,
Homme,74,Veuf,"2,600 à 5,200",Non,0,0,
Femme,22,Célibataire,"2,600 à 5,200",Non,0,0,
Homme,66,Marrié,"5,200 à 10,400",Non,0,0,
Femme,48,Célibataire,"2,600 à 5,200",Non,0,0,
Femme,59,Marrié,"5,200 à 10,400",Non,0,0,
Femme,69,Veuf,,Non,0,0,
Femme,76,Veuf,"5,200 à 10,400",Oui,20,20,Paquets
Femme,21,Célibataire,"2,600 à 5,200",Non,0,0,
Femme,47,Marrié,"10,400 à 15,600",Non,0,0,
Femme,77,Veuf,"2,600 à 5,200",Non,0,0,
Femme,25,Célibataire,"10,400 à 15,600",Oui,10,10,Paquets
Femme,71,Veuf,"2,600 à 5,200",Non,0,0,
Femme,24,Célibataire,"2,600 à 5,200",Oui,10,10,Paquets
Femme,90,Veuf,"2,600 à 5,200",Non,0,0,
Femme,41,Divorcé,"5,200 à 10,400",Oui,10,10,Paquets
Femme,69,Marrié,"Sous 2,600",Non,0,0,
Femme,35,Marrié,"15,600 à 20,800",Non,0,0,
Femme,32,Célibataire,"5,200 à 10,400",Oui,12,7,Paquets
Femme,48,Célibataire,"15,600 à 20,800",Non,0,0,
Femme,34,Marrié,"2,600 à 5,200",Non,0,0,
Femme,28,Marrié,"5,200 à 10,400",Oui,10,4,Paquets
Homme,66,Marrié,,Non,0,0,
Homme,56,Marrié,"20,800 à 28,600",Non,0,0,
Homme,51,Marrié,"10,400 à 15,600",Non,0,0,
Femme,63,Marrié,"2,600 à 5,200",Non,0,0,
Homme,44,Marrié,"28,600 à 36,400",Non,0,0,
Femme,45,Marrié,"10,400 à 15,600",Non,0,0,
Homme,55,Marrié,"10,400 à 15,600",Oui,20,20,Paquets
Femme,55,Marrié,"5,200 à 10,400",Non,0,0,
Femme,55,Marrié,,Non,0,0,
Femme,57,Marrié,"2,600 à 5,200",Non,0,0,
Homme,76,Marrié,"5,200 à 10,400",Non,0,0,
Femme,59,Marrié,"5,200 à 10,400",Non,0,0,
Femme,46,Marrié,"5,200 à 10,400",Non,0,0,
Femme,56,Marrié,"Sous 2,600",Non,0,0,
Homme,67,Marrié,"5,200 à 10,400",Non,0,0,
Femme,73,Célibataire,"10,400 à 15,600",Non,0,0,
Femme,82,Veuf,,Non,0,0,
Homme,75,Marrié,,Non,0,0,
Femme,41,Marrié,"5,200 à 10,400",Non,0,0,
Femme,40,Marrié,"15,600 à 20,800",Non,0,0,
Homme,37,Marrié,"15,600 à 20,800",Non,0,0,
Homme,53,Marrié,"20,800 à 28,600",Non,0,0,
Femme,35,Marrié,"5,200 à 10,400",Non,0,0,
Femme,39,Marrié,"20,800 à 28,600",Non,0,0,
Femme,31,Separated,"2,600 à 5,200",Non,0,0,
Homme,38,Marrié,"Au-dessus 36,400",Non,0,0,
Femme,34,Divorcé,"10,400 à 15,600",Oui,25,10,Paquets
Femme,36,Marrié,"10,400 à 15,600",Oui,20,20,Paquets
Homme,31,Célibataire,"20,800 à 28,600",Non,0,0,
Femme,31,Célibataire,"Sous 2,600",Oui,10,10,Roulées à la main
Homme,35,Marrié,"20,800 à 28,600",Non,0,0,
Homme,42,Marrié,"20,800 à 28,600",Non,0,0,
Homme,30,Célibataire,"15,600 à 20,800",Non,0,0,
Femme,39,Divorcé,"10,400 à 15,600",Non,0,0,
Femme,47,Marrié,"10,400 à 15,600",Non,0,0,
Homme,38,Marrié,"20,800 à 28,600",Non,0,0,
Femme,29,Divorcé,"15,600 à 20,800",Non,0,0,
Homme,75,Veuf,"5,200 à 10,400",Non,0,0,
Femme,47,Marrié,,Non,0,0,
Homme,55,Marrié,"15,600 à 20,800",Non,0,0,
Homme,42,Marrié,"Au-dessus 36,400",Non,0,0,
Femme,39,Marrié,"Au-dessus 36,400",Non,0,0,
Homme,64,Marrié,"5,200 à 10,400",Non,0,0,
Femme,84,Veuf,"2,600 à 5,200",Non,0,0,
Femme,49,Marrié,"5,200 à 10,400",Non,0,0,
Homme,24,Célibataire,"10,400 à 15,600",Non,0,0,
Homme,38,Célibataire,"10,400 à 15,600",Oui,30,30,Roulées à la main
Femme,45,Marrié,"15,600 à 20,800",Non,0,0,
Femme,47,Divorcé,"5,200 à 10,400",Non,0,0,
Homme,37,Divorcé,"28,600 à 36,400",Non,0,0,
Homme,59,Marrié,"5,200 à 10,400",Non,0,0,
Homme,25,Célibataire,"28,600 à 36,400",Non,0,0,
Homme,56,Marrié,"15,600 à 20,800",Non,0,0,
Femme,71,Divorcé,"2,600 à 5,200",Non,0,0,
Homme,81,Veuf,"10,400 à 15,600",Non,0,0,
Homme,55,Marrié,"15,600 à 20,800",Non,0,0,
Homme,42,Marrié,"Au-dessus 36,400",Non,0,0,
Homme,73,Marrié,"2,600 à 5,200",Non,0,0,
Homme,43,Marrié,"28,600 à 36,400",Non,0,0,
Femme,57,Divorcé,"10,400 à 15,600",Oui,15,10,Paquets
Femme,47,Marrié,"Au-dessus 36,400",Non,0,0,
Femme,29,Marrié,"10,400 à 15,600",Oui,15,15,Paquets
Femme,30,Veuf,"10,400 à 15,600",Non,0,0,
Homme,58,Marrié,"15,600 à 20,800",Oui,30,25,Paquets
Femme,58,Marrié,"28,600 à 36,400",Non,0,0,
Homme,70,Veuf,"5,200 à 10,400",Non,0,0,
Homme,18,Célibataire,,Non,0,0,
Femme,45,Célibataire,"2,600 à 5,200",Non,0,0,
Homme,37,Célibataire,"15,600 à 20,800",Oui,15,10,Les deux
Femme,44,Separated,"10,400 à 15,600",Non,0,0,
Homme,46,Marrié,"Au-dessus 36,400",Non,0,0,
Homme,29,Marrié,"20,800 à 28,600",Non,0,0,
Homme,50,Marrié,"Au-dessus 36,400",Non,0,0,
Femme,51,Marrié,"2,600 à 5,200",Non,0,0,
Homme,80,Veuf,"5,200 à 10,400",Non,0,0,
Femme,85,Marrié,"5,200 à 10,400",Non,0,0,
Femme,49,Marrié,"Sous 2,600",Non,0,0,
Homme,52,Marrié,"20,800 à 28,600",Non,0,0,
Femme,58,Marrié,"5,200 à 10,400",Non,0,0,
Femme,49,Marrié,"2,600 à 5,200",Non,0,0,
Homme,39,Célibataire,"28,600 à 36,400",Non,0,0,
Femme,53,Marrié,"5,200 à 10,400",Oui,15,15,Les deux
Femme,71,Marrié,"10,400 à 15,600",Non,0,0,
Homme,29,Célibataire,"15,600 à 20,800",Non,0,0,
Femme,66,Marrié,"15,600 à 20,800",Non,0,0,
Homme,75,Marrié,"20,800 à 28,600",Non,0,0,
Femme,45,Divorcé,"28,600 à 36,400",Non,0,0,
Femme,69,Marrié,"Sous 2,600",Non,0,0,
Femme,49,Divorcé,"15,600 à 20,800",Non,0,0,
Homme,63,Marrié,"15,600 à 20,800",Non,0,0,
Homme,61,Marrié,"5,200 à 10,400",Non,0,0,
Femme,55,Marrié,"2,600 à 5,200",Non,0,0,
Homme,57,Marrié,"10,400 à 15,600",Non,0,0,
Femme,60,Marrié,"2,600 à 5,200",Non,0,0,
Homme,58,Marrié,"20,800 à 28,600",Non,0,0,
Femme,76,Veuf,"5,200 à 10,400",Oui,10,6,Paquets
Homme,29,Célibataire,"20,800 à 28,600",Oui,20,20,Paquets
Femme,50,Marrié,"5,200 à 10,400",Non,0,0,
Homme,40,Marrié,,Non,0,0,
Femme,34,Marrié,"5,200 à 10,400",Non,0,0,
Femme,77,Veuf,"2,600 à 5,200",Non,0,0,
Homme,47,Marrié,"Au-dessus 36,400",Non,0,0,
Femme,68,Marrié,"Sous 2,600",Non,0,0,
Homme,31,Marrié,"Au-dessus 36,400",Non,0,0,
Homme,41,Marrié,"20,800 à 28,600",Non,0,0,
Femme,55,Marrié,"5,200 à 10,400",Oui,25,15,Paquets
Homme,66,Marrié,"5,200 à 10,400",Non,0,0,
Femme,80,Marrié,"Sous 2,600",Non,0,0,
Femme,45,Marrié,"2,600 à 5,200",Non,0,0,
Homme,63,Marrié,"Au-dessus 36,400",Non,0,0,
Homme,62,Marrié,"20,800 à 28,600",Non,0,0,
Femme,49,Marrié,"10,400 à 15,600",Non,0,0,
Homme,33,Marrié,"10,400 à 15,600",Non,0,0,
Femme,16,Célibataire,,Non,0,0,
Homme,58,Marrié,"Au-dessus 36,400",Non,0,0,
Femme,33,Separated,"5,200 à 10,400",Non,0,0,
Homme,65,Marrié,"28,600 à 36,400",Non,0,0,
Femme,39,Célibataire,"20,800 à 28,600",Non,0,0,
Femme,57,Marrié,"15,600 à 20,800",Oui,6,4,Paquets
Femme,31,Marrié,"2,600 à 5,200",Non,0,0,
Homme,79,Marrié,"10,400 à 15,600",Non,0,0,
Femme,16,Célibataire,"Sous 2,600",Oui,2,2,Paquets
Femme,54,Marrié,"10,400 à 15,600",Non,0,0,
Femme,37,Divorcé,"10,400 à 15,600",Oui,12,12,Paquets
Femme,87,Veuf,"5,200 à 10,400",Non,0,0,
Homme,32,Célibataire,"2,600 à 5,200",Non,0,0,
Homme,72,Marrié,"5,200 à 10,400",Non,0,0,
Homme,20,Marrié,"10,400 à 15,600",Oui,30,15,Roulées à la main
Homme,77,Marrié,"2,600 à 5,200",Non,0,0,
Femme,63,Marrié,"Sous 2,600",Non,0,0,
Homme,56,Marrié,"10,400 à 15,600",Non,0,0,
Homme,34,Célibataire,"15,600 à 20,800",Oui,10,5,Roulées à la main
Femme,24,Marrié,"20,800 à 28,600",Non,0,0,
Femme,42,Célibataire,"15,600 à 20,800",Oui,10,3,Roulées à la main
Homme,71,Marrié,"5,200 à 10,400",Non,0,0,
Femme,48,Marrié,"15,600 à 20,800",Non,0,0,
Homme,38,Separated,"28,600 à 36,400",Non,0,0,
Femme,55,Divorcé,"Sous 2,600",Non,0,0,
Homme,50,Marrié,"20,800 à 28,600",Non,0,0,
Homme,30,Célibataire,"20,800 à 28,600",Non,0,0,
Femme,72,Marrié,"10,400 à 15,600",Non,0,0,
Homme,59,Marrié,"15,600 à 20,800",Non,0,0,
Femme,68,Marrié,"15,600 à 20,800",Non,0,0,
Homme,48,Marrié,"20,800 à 28,600",Non,0,0,
Homme,42,Veuf,"15,600 à 20,800",Non,0,0,
Femme,72,Divorcé,"2,600 à 5,200",Non,0,0,
Homme,54,Marrié,,Non,0,0,
Femme,53,Divorcé,,Oui,7,12,Paquets
Femme,86,Marrié,"Sous 2,600",Non,0,0,
Femme,57,Divorcé,"5,200 à 10,400",Oui,20,15,Les deux
Femme,30,Célibataire,"15,600 à 20,800",Non,0,0,
Homme,35,Célibataire,,Oui,20,20,Roulées à la main
Femme,25,Separated,"10,400 à 15,600",Oui,20,20,Paquets
Homme,67,Marrié,"5,200 à 10,400",Non,0,0,
Femme,33,Divorcé,"28,600 à 36,400",Non,0,0,
Femme,51,Marrié,"5,200 à 10,400",Oui,15,3,Paquets
Femme,54,Marrié,"20,800 à 28,600",Non,0,0,
Homme,86,Marrié,,Non,0,0,
Femme,69,Marrié,"Sous 2,600",Non,0,0,
Femme,23,Marrié,"5,200 à 10,400",Non,0,0,
Femme,33,Célibataire,"15,600 à 20,800",Oui,18,12,Paquets
Homme,79,Marrié,"5,200 à 10,400",Non,0,0,
Homme,21,Célibataire,"5,200 à 10,400",Non,0,0,
Femme,37,Divorcé,"2,600 à 5,200",Non,0,0,
Homme,40,Marrié,"5,200 à 10,400",Oui,20,20,Les deux
Homme,79,Célibataire,,Non,0,0,
Femme,34,Divorcé,"5,200 à 10,400",Oui,10,10,Roulées à la main
Homme,28,Célibataire,"10,400 à 15,600",Oui,10,10,Roulées à la main
Femme,44,Marrié,"2,600 à 5,200",Oui,15,10,Paquets
Femme,64,Marrié,"2,600 à 5,200",Non,0,0,
Femme,51,Separated,"10,400 à 15,600",Non,0,0,
Homme,21,Célibataire,"10,400 à 15,600",Oui,20,10,Paquets
Homme,40,Célibataire,"2,600 à 5,200",Oui,1,2,Roulées à la main
Femme,42,Célibataire,"5,200 à 10,400",Non,0,0,
Femme,47,Divorcé,"5,200 à 10,400",Non,0,0,
Homme,73,Veuf,"5,200 à 10,400",Non,0,0,
Femme,18,Célibataire,"2,600 à 5,200",Oui,15,15,Paquets
Homme,24,Célibataire,"10,400 à 15,600",Non,0,0,
Femme,69,Veuf,"5,200 à 10,400",Non,0,0,
Femme,61,Marrié,"2,600 à 5,200",Non,0,0,
Femme,83,Célibataire,,Non,0,0,
Femme,80,Veuf,"2,600 à 5,200",Non,0,0,
Femme,80,Marrié,"Sous 2,600",Non,0,0,
Femme,26,Célibataire,"5,200 à 10,400",Non,0,0,
Femme,34,Separated,"10,400 à 15,600",Non,0,0,
Homme,34,Marrié,"28,600 à 36,400",Non,0,0,
Femme,39,Célibataire,"15,600 à 20,800",Oui,10,7,Roulées à la main
Homme,33,Marrié,"5,200 à 10,400",Oui,40,20,Paquets
Homme,36,Marrié,"15,600 à 20,800",Non,0,0,
Femme,39,Divorcé,"10,400 à 15,600",Non,0,0,
Homme,35,Marrié,"15,600 à 20,800",Oui,10,7,Roulées à la main
Femme,89,Veuf,"2,600 à 5,200",Non,0,0,
Femme,23,Marrié,"5,200 à 10,400",Oui,10,10,Paquets
Femme,32,Divorcé,"10,400 à 15,600",Non,0,0,
Homme,32,Marrié,"5,200 à 10,400",Oui,10,6,Paquets
Homme,35,Marrié,"2,600 à 5,200",Oui,5,5,Paquets
Femme,18,Célibataire,"5,200 à 10,400",Non,0,0,
Homme,44,Divorcé,"15,600 à 20,800",Non,0,0,
Femme,75,Marrié,"5,200 à 10,400",Non,0,0,
Femme,65,Marrié,"Sous 2,600",Non,0,0,
Femme,54,Marrié,"20,800 à 28,600",Non,0,0,
Homme,32,Marrié,"28,600 à 36,400",Non,0,0,
Femme,57,Marrié,"2,600 à 5,200",Non,0,0,
Femme,50,Marrié,"10,400 à 15,600",Oui,20,15,Paquets
Femme,58,Marrié,"2,600 à 5,200",Non,0,0,
Femme,30,Marrié,"5,200 à 10,400",Non,0,0,
Femme,57,Marrié,"15,600 à 20,800",Non,0,0,
Femme,60,Marrié,"2,600 à 5,200",Oui,15,15,Roulées à la main
Femme,78,Separated,"2,600 à 5,200",Non,0,0,
Femme,44,Marrié,"10,400 à 15,600",Oui,20,20,Paquets
Homme,32,Célibataire,"Au-dessus 36,400",Oui,20,10,Paquets
Femme,56,Separated,"28,600 à 36,400",Non,0,0,
Homme,51,Marrié,"15,600 à 20,800",Non,0,0,
Homme,71,Marrié,"5,200 à 10,400",Non,0,0,
Femme,74,Veuf,"2,600 à 5,200",Non,0,0,
Femme,56,Célibataire,"15,600 à 20,800",Oui,35,25,Paquets
Femme,80,Veuf,"Sous 2,600",Non,0,0,
Femme,51,Marrié,"15,600 à 20,800",Non,0,0,
Femme,53,Veuf,"10,400 à 15,600",Non,0,0,
Homme,80,Marrié,"20,800 à 28,600",Non,0,0,
Homme,42,Marrié,"20,800 à 28,600",Oui,0,2,Paquets
Femme,82,Veuf,"10,400 à 15,600",Non,0,0,
Homme,58,Marrié,"5,200 à 10,400",Non,0,0,
Femme,78,Marrié,"10,400 à 15,600",Non,0,0,
Homme,61,Marrié,"20,800 à 28,600",Oui,20,20,Paquets
Femme,49,Célibataire,"10,400 à 15,600",Oui,20,15,Paquets
Femme,51,Divorcé,"10,400 à 15,600",Non,0,0,
Homme,48,Marrié,"10,400 à 15,600",Non,0,0,
Femme,37,Marrié,"10,400 à 15,600",Non,0,0,
Homme,51,Marrié,"10,400 à 15,600",Oui,5,5,Paquets
Homme,55,Marrié,"10,400 à 15,600",Non,0,0,
Femme,48,Marrié,"10,400 à 15,600",Non,0,0,
Femme,82,Veuf,"5,200 à 10,400",Non,0,0,
Femme,56,Marrié,"2,600 à 5,200",Non,0,0,
Femme,71,Veuf,"5,200 à 10,400",Non,0,0,
Homme,30,Célibataire,"5,200 à 10,400",Non,0,0,
Femme,73,Veuf,"5,200 à 10,400",Non,0,0,
Femme,35,Marrié,"Sous 2,600",Oui,10,8,Paquets
Homme,79,Marrié,"5,200 à 10,400",Non,0,0,
Homme,75,Veuf,"5,200 à 10,400",Oui,2,1,Paquets
Femme,49,Marrié,"5,200 à 10,400",Non,0,0,
Femme,74,Marrié,"Sous 2,600",Non,0,0,
Homme,33,Marrié,"5,200 à 10,400",Non,0,0,
Femme,81,Veuf,"2,600 à 5,200",Non,0,0,
Femme,63,Marrié,"2,600 à 5,200",Non,0,0,
Femme,78,Veuf,"2,600 à 5,200",Non,0,0,
Homme,68,Veuf,"5,200 à 10,400",Oui,18,18,Paquets
Homme,73,Marrié,"5,200 à 10,400",Non,0,0,
Femme,34,Marrié,"15,600 à 20,800",Non,0,0,
Femme,36,Divorcé,"10,400 à 15,600",Oui,15,15,Roulées à la main
Femme,16,Célibataire,"Sous 2,600",Non,0,0,
Homme,72,Veuf,"5,200 à 10,400",Non,0,0,
Femme,66,Marrié,"5,200 à 10,400",Non,0,0,
Femme,41,Marrié,"10,400 à 15,600",Non,0,0,
Femme,49,Marrié,"10,400 à 15,600",Oui,20,15,Paquets
Homme,42,Célibataire,"20,800 à 28,600",Non,0,0,
Femme,54,Separated,"10,400 à 15,600",Non,0,0,
Homme,70,Marrié,"10,400 à 15,600",Non,0,0,
Femme,29,Marrié,"20,800 à 28,600",Non,0,0,
Homme,43,Marrié,,Oui,5,10,Paquets
Femme,19,Célibataire,,Non,0,0,
Homme,44,Marrié,"28,600 à 36,400",Non,0,0,
Homme,27,Célibataire,"20,800 à 28,600",Oui,10,10,Paquets
Homme,68,Marrié,"20,800 à 28,600",Non,0,0,
Femme,80,Veuf,"15,600 à 20,800",Non,0,0,
Homme,85,Veuf,"10,400 à 15,600",Non,0,0,
Homme,65,Marrié,"2,600 à 5,200",Non,0,0,
Femme,88,Veuf,"5,200 à 10,400",Non,0,0,
Femme,76,Veuf,,Non,0,0,
Homme,81,Marrié,"5,200 à 10,400",Non,0,0,
Femme,44,Separated,"5,200 à 10,400",Oui,1,1,Paquets
Femme,34,Marrié,"10,400 à 15,600",Non,0,0,
Femme,55,Marrié,"2,600 à 5,200",Non,0,0,
Homme,77,Veuf,,Non,0,0,
Femme,33,Marrié,,Non,0,0,
Homme,82,Célibataire,"5,200 à 10,400",Non,0,0,
Femme,77,Veuf,"5,200 à 10,400",Non,0,0,
Homme,19,Célibataire,"5,200 à 10,400",Non,0,0,
Femme,70,Veuf,,Non,0,0,
Femme,74,Veuf,"5,200 à 10,400",Non,0,0,
Femme,57,Marrié,"2,600 à 5,200",Non,0,0,
Femme,44,Divorcé,"10,400 à 15,600",Non,0,0,
Femme,38,Célibataire,,Non,0,0,
Homme,43,Marrié,"Au-dessus 36,400",Non,0,0,
Femme,57,Separated,"2,600 à 5,200",Non,0,0,
Femme,54,Divorcé,"2,600 à 5,200",Oui,20,20,Les deux
Homme,17,Célibataire,"2,600 à 5,200",Non,0,0,
Homme,60,Marrié,"10,400 à 15,600",Non,0,0,
Femme,50,Marrié,"Sous 2,600",Non,0,0,
Femme,24,Célibataire,"10,400 à 15,600",Oui,8,2,Paquets
Femme,78,Veuf,"2,600 à 5,200",Non,0,0,
Homme,60,Célibataire,"5,200 à 10,400",Non,0,0,
Femme,85,Veuf,"5,200 à 10,400",Oui,6,6,Paquets
Homme,59,Marrié,"10,400 à 15,600",Non,0,0,
Homme,65,Marrié,"Au-dessus 36,400",Non,0,0,
Femme,55,Marrié,,Non,0,0,
Femme,32,Marrié,"15,600 à 20,800",Non,0,0,
Homme,41,Célibataire,"Sous 2,600",Non,0,0,
Femme,31,Célibataire,"10,400 à 15,600",Non,0,0,
Homme,45,Marrié,"5,200 à 10,400",Oui,20,20,Les deux
Femme,30,Célibataire,"20,800 à 28,600",Non,0,0,
Femme,19,Célibataire,"2,600 à 5,200",Non,0,0,
Femme,76,Veuf,"5,200 à 10,400",Non,0,0,
Homme,73,Marrié,"10,400 à 15,600",Non,0,0,
Homme,19,Célibataire,,Oui,5,2,Paquets
Homme,34,Marrié,"28,600 à 36,400",Non,0,0,
Femme,59,Marrié,"5,200 à 10,400",Non,0,0,
Femme,22,Célibataire,"5,200 à 10,400",Oui,40,10,Paquets
Femme,27,Célibataire,"10,400 à 15,600",Non,0,0,
Femme,45,Marrié,"15,600 à 20,800",Non,0,0,
Femme,69,Veuf,"10,400 à 15,600",Non,0,0,
Homme,76,Marrié,"Au-dessus 36,400",Non,0,0,
Femme,54,Marrié,"28,600 à 36,400",Non,0,0,
Homme,72,Marrié,"5,200 à 10,400",Non,0,0,
Femme,89,Veuf,"2,600 à 5,200",Non,0,0,
Femme,78,Veuf,,Oui,6,6,Paquets
Femme,60,Marrié,,Non,0,0,
Femme,39,Marrié,"10,400 à 15,600",Non,0,0,
Homme,28,Célibataire,"5,200 à 10,400",Oui,5,5,Les deux
Homme,23,Célibataire,"Sous 2,600",Oui,30,10,Les deux
Homme,26,Célibataire,"10,400 à 15,600",Non,0,0,
Femme,52,Marrié,"5,200 à 10,400",Non,0,0,
Femme,54,Marrié,"10,400 à 15,600",Non,0,0,
Homme,20,Célibataire,"10,400 à 15,600",Oui,10,10,Paquets
Femme,59,Marrié,,Non,0,0,
Homme,30,Marrié,"15,600 à 20,800",Non,0,0,
Homme,41,Marrié,"10,400 à 15,600",Non,0,0,
Femme,26,Célibataire,"10,400 à 15,600",Non,0,0,
Femme,27,Marrié,"2,600 à 5,200",Non,0,0,
Homme,49,Marrié,,Oui,20,20,Paquets
Homme,29,Célibataire,"10,400 à 15,600",Non,0,0,
Femme,36,Divorcé,"10,400 à 15,600",Non,0,0,
Homme,43,Divorcé,"15,600 à 20,800",Non,0,0,
Homme,29,Célibataire,"10,400 à 15,600",Non,0,0,
Femme,34,Separated,"5,200 à 10,400",Oui,15,10,Paquets
Femme,81,Marrié,,Non,0,0,
Femme,30,Célibataire,"10,400 à 15,600",Oui,5,10,Roulées à la main
Homme,25,Célibataire,"20,800 à 28,600",Oui,20,20,Paquets
Homme,59,Divorcé,"10,400 à 15,600",Oui,35,35,Paquets
Femme,44,Veuf,"2,600 à 5,200",Non,0,0,
Homme,64,Marrié,,Non,0,0,
Femme,35,Marrié,,Non,0,0,
Homme,40,Célibataire,"15,600 à 20,800",Non,0,0,
Femme,65,Célibataire,"10,400 à 15,600",Non,0,0,
Femme,17,Célibataire,,Non,0,0,
Homme,72,Marrié,"15,600 à 20,800",Non,0,0,
Femme,29,Marrié,"Sous 2,600",Non,0,0,
Homme,39,Marrié,"28,600 à 36,400",Non,0,0,
Homme,70,Veuf,"5,200 à 10,400",Non,0,0,
Homme,73,Marrié,"5,200 à 10,400",Non,0,0,
Homme,46,Célibataire,"20,800 à 28,600",Non,0,0,
Homme,59,Marrié,"5,200 à 10,400",Non,0,0,
Femme,77,Veuf,"2,600 à 5,200",Non,0,0,
Femme,42,Marrié,"10,400 à 15,600",Oui,20,20,Paquets
Homme,41,Marrié,"20,800 à 28,600",Non,0,0,
Homme,49,Marrié,"15,600 à 20,800",Oui,20,15,Paquets
Homme,67,Célibataire,"10,400 à 15,600",Non,0,0,
Femme,65,Célibataire,"5,200 à 10,400",Non,0,0,
Homme,40,Célibataire,"15,600 à 20,800",Non,0,0,
Homme,49,Separated,"28,600 à 36,400",Non,0,0,
Homme,34,Célibataire,"15,600 à 20,800",Non,0,0,
Femme,64,Marrié,"Sous 2,600",Non,0,0,
Femme,44,Veuf,"10,400 à 15,600",Non,0,0,
Femme,72,Veuf,"2,600 à 5,200",Non,0,0,
Homme,32,Marrié,"20,800 à 28,600",Oui,20,20,Paquets
Femme,53,Marrié,,Non,0,0,
Femme,50,Marrié,"15,600 à 20,800",Non,0,0,
Femme,63,Divorcé,"5,200 à 10,400",Non,0,0,
Femme,57,Marrié,"5,200 à 10,400",Non,0,0,
Homme,40,Marrié,,Non,0,0,
Femme,88,Divorcé,"10,400 à 15,600",Non,0,0,
Homme,57,Marrié,"Au-dessus 36,400",Non,0,0,
Femme,54,Marrié,"Au-dessus 36,400",Non,0,0,
Femme,58,Veuf,"20,800 à 28,600",Non,0,0,
Femme,77,Divorcé,"5,200 à 10,400",Non,0,0,
Femme,45,Divorcé,"10,400 à 15,600",Non,0,0,
Femme,31,Célibataire,"Sous 2,600",Non,0,0,
Homme,31,Marrié,"20,800 à 28,600",Non,0,0,
Homme,80,Veuf,"28,600 à 36,400",Non,0,0,
Homme,67,Veuf,"20,800 à 28,600",Oui,30,30,Paquets
Homme,40,Célibataire,,Oui,20,10,Paquets
Femme,70,Veuf,,Non,0,0,
Femme,28,Célibataire,"Sous 2,600",Oui,30,10,Paquets
Homme,30,Marrié,"Au-dessus 36,400",Non,0,0,
Femme,70,Divorcé,,Non,0,0,
Homme,57,Marrié,"Au-dessus 36,400",Non,0,0,
Femme,76,Veuf,"10,400 à 15,600",Non,0,0,
Femme,89,Veuf,"2,600 à 5,200",Non,0,0,
Homme,81,Marrié,"2,600 à 5,200",Non,0,0,
Femme,30,Célibataire,"15,600 à 20,800",Non,0,0,
Femme,39,Célibataire,"5,200 à 10,400",Non,0,0,
Femme,73,Marrié,"Sous 2,600",Oui,15,15,Paquets
Femme,39,Marrié,,Non,0,0,
Femme,76,Veuf,"2,600 à 5,200",Non,0,0,
Homme,62,Célibataire,"5,200 à 10,400",Non,0,0,
Femme,66,Marrié,"2,600 à 5,200",Non,0,0,
Femme,53,Separated,"28,600 à 36,400",Non,0,0,
Homme,60,Marrié,"10,400 à 15,600",Non,0,0,
Femme,36,Marrié,"2,600 à 5,200",Non,0,0,
Femme,40,Célibataire,"10,400 à 15,600",Non,0,0,
Femme,57,Separated,"28,600 à 36,400",Oui,15,15,Paquets
Homme,16,Célibataire,"Sous 2,600",Oui,25,20,Roulées à la main
Femme,25,Célibataire,"15,600 à 20,800",Non,0,0,
Homme,58,Célibataire,"15,600 à 20,800",Non,0,0,
Femme,49,Divorcé,"5,200 à 10,400",Non,0,0,
Femme,48,Célibataire,"15,600 à 20,800",Non,0,0,
Femme,76,Veuf,"5,200 à 10,400",Non,0,0,
Homme,88,Veuf,"5,200 à 10,400",Non,0,0,
Homme,35,Marrié,"10,400 à 15,600",Non,0,0,
Homme,43,Marrié,"20,800 à 28,600",Non,0,0,
Femme,69,Veuf,"2,600 à 5,200",Non,0,0,
Femme,64,Veuf,"5,200 à 10,400",Oui,20,20,Paquets
Femme,40,Divorcé,"10,400 à 15,600",Oui,20,20,Paquets
Homme,78,Marrié,,Non,0,0,
Homme,58,Marrié,"Au-dessus 36,400",Non,0,0,
Femme,34,Marrié,"Sous 2,600",Oui,3,0,Paquets
Femme,46,Marrié,"20,800 à 28,600",Non,0,0,
Femme,65,Marrié,"20,800 à 28,600",Non,0,0,
Femme,34,Célibataire,"10,400 à 15,600",Oui,20,10,Les deux
Femme,40,Separated,"5,200 à 10,400",Non,0,0,
Homme,79,Marrié,,Non,0,0,
Homme,36,Marrié,"10,400 à 15,600",Non,0,0,
Femme,39,Marrié,"2,600 à 5,200",Non,0,0,
Homme,24,Marrié,"15,600 à 20,800",Non,0,0,
Femme,28,Célibataire,"2,600 à 5,200",Oui,20,10,Les deux
Femme,26,Célibataire,"2,600 à 5,200",Non,0,0,
Femme,45,Veuf,"Sous 2,600",Non,0,0,
Femme,24,Célibataire,"5,200 à 10,400",Oui,18,10,Paquets
Homme,77,Divorcé,"2,600 à 5,200",Non,0,0,
Femme,78,Marrié,"10,400 à 15,600",Non,0,0,
Homme,25,Célibataire,,Non,0,0,
Homme,36,Marrié,"15,600 à 20,800",Non,0,0,
Homme,17,Célibataire,,Non,0,0,
Homme,55,Marrié,"28,600 à 36,400",Non,0,0,
Femme,70,Marrié,"5,200 à 10,400",Non,0,0,
Femme,43,Célibataire,"20,800 à 28,600",Oui,15,8,Roulées à la main
Femme,59,Divorcé,"10,400 à 15,600",Non,0,0,
Femme,32,Marrié,"Sous 2,600",Non,0,0,
Femme,34,Marrié,"Sous 2,600",Non,0,0,
Homme,58,Célibataire,"28,600 à 36,400",Non,0,0,
Homme,44,Marrié,"Au-dessus 36,400",Non,0,0,
Homme,64,Marrié,,Oui,0,0,Paquets
Femme,34,Marrié,"5,200 à 10,400",Non,0,0,
Homme,32,Célibataire,,Non,0,0,
Homme,38,Marrié,"Au-dessus 36,400",Non,0,0,
Homme,28,Célibataire,"28,600 à 36,400",Non,0,0,
Homme,42,Marrié,"20,800 à 28,600",Non,0,0,
Femme,34,Célibataire,"20,800 à 28,600",Non,0,0,
Homme,23,Célibataire,"5,200 à 10,400",Oui,15,5,Les deux
Homme,55,Separated,"15,600 à 20,800",Non,0,0,
Homme,65,Marrié,"5,200 à 10,400",Non,0,0,
Femme,62,Marrié,"2,600 à 5,200",Non,0,0,
Femme,66,Marrié,"15,600 à 20,800",Non,0,0,
Femme,73,Marrié,"Sous 2,600",Non,0,0,
Homme,34,Célibataire,"20,800 à 28,600",Non,0,0,
Femme,33,Marrié,"2,600 à 5,200",Non,0,0,
Homme,76,Veuf,"5,200 à 10,400",Non,0,0,
Femme,55,Marrié,"2,600 à 5,200",Oui,1,0,Paquets
Femme,39,Marrié,"Sous 2,600",Non,0,0,
Femme,26,Célibataire,"15,600 à 20,800",Non,0,0,
Homme,61,Marrié,"15,600 à 20,800",Oui,25,25,Paquets
Femme,78,Marrié,"2,600 à 5,200",Non,0,0,
Homme,42,Marrié,"Au-dessus 36,400",Non,0,0,
Femme,72,Marrié,"2,600 à 5,200",Non,0,0,
Homme,62,Veuf,"20,800 à 28,600",Oui,30,30,Les deux
Femme,46,Marrié,"10,400 à 15,600",Oui,20,20,Paquets
Homme,24,Célibataire,"15,600 à 20,800",Non,0,0,
Homme,27,Célibataire,"10,400 à 15,600",Oui,6,4,Les deux
Femme,64,Marrié,"5,200 à 10,400",Non,0,0,
Homme,86,Marrié,"28,600 à 36,400",Non,0,0,
Femme,46,Marrié,"20,800 à 28,600",Non,0,0,
Homme,20,Célibataire,"10,400 à 15,600",Oui,20,15,Les deux
Homme,35,Divorcé,"28,600 à 36,400",Non,0,0,
Femme,46,Marrié,"28,600 à 36,400",Oui,30,30,Paquets
Femme,39,Marrié,"Sous 2,600",Non,0,0,
Femme,28,Marrié,"Au-dessus 36,400",Non,0,0,
Femme,33,Marrié,,Non,0,0,
Femme,39,Divorcé,"5,200 à 10,400",Non,0,0,
Homme,45,Divorcé,"10,400 à 15,600",Non,0,0,
Femme,37,Separated,"20,800 à 28,600",Non,0,0,
Homme,29,Marrié,"15,600 à 20,800",Oui,10,5,Paquets
Homme,76,Veuf,"5,200 à 10,400",Non,0,0,
Homme,26,Marrié,"20,800 à 28,600",Non,0,0,
Femme,47,Divorcé,"20,800 à 28,600",Oui,20,10,Paquets
Homme,72,Divorcé,"10,400 à 15,600",Non,0,0,
Femme,72,Marrié,"Sous 2,600",Non,0,0,
Femme,65,Veuf,"2,600 à 5,200",Non,0,0,
Femme,69,Marrié,"Sous 2,600",Non,0,0,
Femme,61,Marrié,,Non,0,0,
Femme,63,Marrié,,Non,0,0,
Homme,16,Célibataire,,Non,0,0,
Homme,61,Divorcé,"2,600 à 5,200",Non,0,0,
Homme,18,Célibataire,"Sous 2,600",Non,0,0,
Homme,76,Célibataire,"5,200 à 10,400",Non,0,0,
Homme,65,Marrié,"5,200 à 10,400",Non,0,0,
Femme,52,Marrié,"5,200 à 10,400",Non,0,0,
Homme,64,Veuf,"10,400 à 15,600",Non,0,0,
Femme,42,Marrié,"Sous 2,600",Non,0,0,
Homme,40,Marrié,"Au-dessus 36,400",Non,0,0,
Femme,28,Marrié,"20,800 à 28,600",Non,0,0,
Homme,40,Marrié,"Au-dessus 36,400",Non,0,0,
Homme,48,Marrié,"28,600 à 36,400",Non,0,0,
Homme,35,Separated,"20,800 à 28,600",Non,0,0,
Femme,30,Célibataire,"5,200 à 10,400",Oui,3,3,Paquets
Femme,26,Célibataire,"5,200 à 10,400",Non,0,0,
Homme,81,Veuf,"5,200 à 10,400",Non,0,0,
Homme,77,Divorcé,"10,400 à 15,600",Non,0,0,
Femme,25,Célibataire,"15,600 à 20,800",Non,0,0,
Femme,66,Marrié,"Sous 2,600",Non,0,0,
Homme,18,Célibataire,"5,200 à 10,400",Oui,15,15,Paquets
Homme,43,Marrié,"15,600 à 20,800",Non,0,0,
Homme,49,Divorcé,"5,200 à 10,400",Oui,20,6,Les deux
Homme,29,Marrié,"Au-dessus 36,400",Non,0,0,
Femme,20,Célibataire,"5,200 à 10,400",Non,0,0,
Femme,75,Veuf,"Sous 2,600",Oui,25,25,Paquets
Homme,40,Marrié,"20,800 à 28,600",Non,0,0,
Femme,64,Célibataire,"5,200 à 10,400",Non,0,0,
Homme,66,Célibataire,,Non,0,0,
Femme,34,Célibataire,"5,200 à 10,400",Non,0,0,
Femme,76,Divorcé,"28,600 à 36,400",Non,0,0,
Homme,30,Marrié,"Au-dessus 36,400",Oui,1,0,Paquets
Homme,55,Marrié,"Au-dessus 36,400",Non,0,0,
Femme,49,Célibataire,"5,200 à 10,400",Non,0,0,
Homme,38,Separated,"10,400 à 15,600",Non,0,0,
Homme,23,Célibataire,,Oui,10,10,Paquets
Homme,77,Marrié,"15,600 à 20,800",Non,0,0,
Homme,46,Célibataire,"10,400 à 15,600",Oui,8,8,Roulées à la main
Femme,26,Separated,"Sous 2,600",Non,0,0,
Femme,26,Célibataire,"28,600 à 36,400",Oui,10,8,Paquets
Homme,45,Célibataire,"Au-dessus 36,400",Oui,7,2,Paquets
Femme,45,Célibataire,"2,600 à 5,200",Non,0,0,
Femme,61,Marrié,,Non,0,0,
Femme,47,Marrié,"5,200 à 10,400",Non,0,0,
Femme,75,Veuf,"10,400 à 15,600",Oui,10,10,Paquets
Femme,36,Divorcé,"2,600 à 5,200",Oui,30,20,Paquets
Homme,26,Célibataire,"2,600 à 5,200",Non,0,0,
Homme,71,Veuf,"2,600 à 5,200",Oui,25,25,Paquets
Homme,69,Marrié,"5,200 à 10,400",Oui,10,10,Roulées à la main
Homme,38,Célibataire,"28,600 à 36,400",Oui,10,6,Roulées à la main
Femme,21,Célibataire,,Non,0,0,
Homme,26,Célibataire,"10,400 à 15,600",Non,0,0,
Femme,83,Veuf,,Non,0,0,
Femme,56,Divorcé,"5,200 à 10,400",Non,0,0,
Homme,34,Célibataire,"Au-dessus 36,400",Oui,20,20,Paquets
Femme,66,Veuf,"5,200 à 10,400",Non,0,0,
Femme,32,Célibataire,"5,200 à 10,400",Oui,3,3,Roulées à la main
Femme,77,Célibataire,"5,200 à 10,400",Non,0,0,
Femme,70,Marrié,"Sous 2,600",Non,0,0,
Homme,24,Célibataire,"Sous 2,600",Oui,10,10,Les deux
Femme,81,Veuf,"5,200 à 10,400",Non,0,0,
Homme,37,Separated,"2,600 à 5,200",Non,0,0,
Homme,90,Marrié,"2,600 à 5,200",Non,0,0,
Femme,29,Célibataire,"5,200 à 10,400",Oui,6,0,Roulées à la main
Femme,24,Célibataire,"5,200 à 10,400",Non,0,0,
Homme,81,Veuf,"2,600 à 5,200",Non,0,0,
Femme,38,Separated,"5,200 à 10,400",Non,0,0,
Homme,22,Célibataire,"20,800 à 28,600",Oui,0,7,Paquets
Homme,31,Marrié,"5,200 à 10,400",Non,0,0,
Femme,77,Veuf,"2,600 à 5,200",Non,0,0,
Femme,61,Divorcé,"10,400 à 15,600",Oui,5,4,Paquets
Homme,54,Célibataire,"2,600 à 5,200",Non,0,0,
Femme,72,Veuf,"5,200 à 10,400",Non,0,0,
Homme,66,Célibataire,"5,200 à 10,400",Oui,30,30,Paquets
Homme,47,Célibataire,"20,800 à 28,600",Non,0,0,
Femme,76,Veuf,"5,200 à 10,400",Non,0,0,
Homme,41,Marrié,"20,800 à 28,600",Non,0,0,
Femme,80,Veuf,"5,200 à 10,400",Non,0,0,
Femme,63,Marrié,"2,600 à 5,200",Non,0,0,
Homme,29,Marrié,"15,600 à 20,800",Non,0,0,
Femme,40,Célibataire,"15,600 à 20,800",Non,0,0,
Femme,54,Marrié,"10,400 à 15,600",Non,0,0,
Homme,66,Marrié,"10,400 à 15,600",Oui,5,55,Paquets
Homme,69,Marrié,"10,400 à 15,600",Non,0,0,
Homme,51,Marrié,"15,600 à 20,800",Non,0,0,
Homme,70,Veuf,"5,200 à 10,400",Non,0,0,
Femme,36,Marrié,"2,600 à 5,200",Oui,10,1,Paquets
Femme,73,Marrié,"Sous 2,600",Non,0,0,
Homme,72,Marrié,"2,600 à 5,200",Non,0,0,
Femme,18,Célibataire,"Sous 2,600",Non,0,0,
Femme,57,Marrié,"Sous 2,600",Non,0,0,
Homme,21,Célibataire,,Non,0,0,
Homme,64,Marrié,"5,200 à 10,400",Non,0,0,
Femme,39,Marrié,"20,800 à 28,600",Non,0,0,
Femme,37,Divorcé,"5,200 à 10,400",Non,0,0,
Femme,36,Marrié,"Sous 2,600",Oui,5,1,Paquets
Femme,37,Marrié,"10,400 à 15,600",Non,0,0,
Homme,79,Marrié,"2,600 à 5,200",Non,0,0,
Femme,49,Marrié,"5,200 à 10,400",Non,0,0,
Femme,30,Marrié,"5,200 à 10,400",Non,0,0,
Femme,27,Célibataire,"20,800 à 28,600",Non,0,0,
Homme,16,Célibataire,"Sous 2,600",Non,0,0,
Homme,40,Marrié,"Au-dessus 36,400",Non,0,0,
Femme,45,Separated,"15,600 à 20,800",Non,0,0,
Femme,78,Veuf,"5,200 à 10,400",Non,0,0,
Femme,59,Marrié,"5,200 à 10,400",Non,0,0,
Femme,93,Veuf,"5,200 à 10,400",Oui,0,3,Paquets
Femme,33,Marrié,"10,400 à 15,600",Non,0,0,
Femme,57,Divorcé,"15,600 à 20,800",Non,0,0,
Femme,53,Célibataire,"2,600 à 5,200",Oui,4,4,Paquets
Femme,54,Divorcé,"2,600 à 5,200",Non,0,0,
Femme,33,Marrié,"Au-dessus 36,400",Non,0,0,
Femme,52,Célibataire,"2,600 à 5,200",Non,0,0,
Homme,31,Célibataire,"10,400 à 15,600",Non,0,0,
Femme,54,Marrié,"28,600 à 36,400",Non,0,0,
Femme,41,Marrié,"20,800 à 28,600",Oui,10,10,Paquets
Femme,23,Célibataire,"10,400 à 15,600",Non,0,0,
Femme,81,Veuf,"Sous 2,600",Non,0,0,
Femme,17,Célibataire,,Non,0,0,
Homme,73,Marrié,"Au-dessus 36,400",Non,0,0,
Homme,62,Marrié,"20,800 à 28,600",Non,0,0,
Femme,73,Marrié,"10,400 à 15,600",Oui,16,16,Paquets
Homme,22,Célibataire,"20,800 à 28,600",Oui,15,15,Les deux
Femme,18,Célibataire,"Sous 2,600",Non,0,0,
Femme,86,Veuf,"10,400 à 15,600",Oui,7,7,Paquets
Femme,54,Marrié,"20,800 à 28,600",Oui,20,20,Paquets
Femme,55,Marrié,"20,800 à 28,600",Non,0,0,
Femme,22,Célibataire,"20,800 à 28,600",Oui,15,15,Paquets
Femme,30,Marrié,"5,200 à 10,400",Non,0,0,
Femme,25,Célibataire,"2,600 à 5,200",Non,0,0,
Femme,54,Divorcé,"Sous 2,600",Oui,15,10,Paquets
Homme,36,Célibataire,"15,600 à 20,800",Non,0,0,
Femme,40,Marrié,"Sous 2,600",Non,0,0,
Femme,51,Divorcé,"2,600 à 5,200",Oui,10,2,Paquets
Homme,44,Marrié,"10,400 à 15,600",Non,0,0,
Femme,26,Célibataire,"Sous 2,600",Oui,5,0,Paquets
Homme,73,Marrié,"5,200 à 10,400",Non,0,0,
Femme,36,Marrié,"15,600 à 20,800",Non,0,0,
Homme,69,Veuf,"5,200 à 10,400",Non,0,0,
Femme,41,Marrié,"10,400 à 15,600",Non,0,0,
Homme,40,Marrié,"Au-dessus 36,400",Non,0,0,
Homme,82,Marrié,"2,600 à 5,200",Oui,3,3,Paquets
Homme,27,Célibataire,"15,600 à 20,800",Non,0,0,
Femme,35,Célibataire,"20,800 à 28,600",Non,0,0,
Homme,35,Marrié,"Au-dessus 36,400",Non,0,0,
Homme,33,Marrié,"28,600 à 36,400",Non,0,0,
Femme,41,Divorcé,"2,600 à 5,200",Oui,20,20,Paquets
Femme,26,Separated,"5,200 à 10,400",Non,0,0,
Femme,55,Marrié,,Non,0,0,
Homme,18,Célibataire,"Sous 2,600",Non,0,0,
Femme,68,Marrié,"5,200 à 10,400",Non,0,0,
Femme,43,Célibataire,"10,400 à 15,600",Non,0,0,
Homme,58,Marrié,"20,800 à 28,600",Non,0,0,
Femme,39,Marrié,"5,200 à 10,400",Non,0,0,
Femme,54,Separated,"2,600 à 5,200",Non,0,0,
Femme,62,Marrié,"28,600 à 36,400",Non,0,0,
Femme,40,Marrié,"10,400 à 15,600",Oui,2,0,Les deux
Femme,59,Célibataire,"2,600 à 5,200",Non,0,0,
Femme,57,Divorcé,"20,800 à 28,600",Non,0,0,
Femme,42,Célibataire,"5,200 à 10,400",Oui,25,10,Paquets
Femme,48,Separated,"20,800 à 28,600",Oui,25,25,Paquets
Femme,45,Divorcé,"20,800 à 28,600",Oui,15,10,Paquets
Femme,24,Célibataire,"2,600 à 5,200",Non,0,0,
Femme,66,Veuf,"10,400 à 15,600",Non,0,0,
Homme,63,Célibataire,"10,400 à 15,600",Oui,20,20,Paquets
Homme,28,Célibataire,,Non,0,0,
Homme,59,Divorcé,"20,800 à 28,600",Non,0,0,
Homme,50,Marrié,"20,800 à 28,600",Non,0,0,
Femme,41,Separated,"10,400 à 15,600",Non,0,0,
Femme,76,Célibataire,"5,200 à 10,400",Non,0,0,
Homme,24,Célibataire,"15,600 à 20,800",Oui,15,20,Paquets
Femme,25,Célibataire,"20,800 à 28,600",Oui,5,2,Paquets
Femme,33,Veuf,"5,200 à 10,400",Non,0,0,
Homme,31,Célibataire,"28,600 à 36,400",Non,0,0,
Femme,33,Célibataire,"5,200 à 10,400",Oui,10,8,Paquets
Femme,37,Célibataire,"5,200 à 10,400",Non,0,0,
Homme,81,Divorcé,"5,200 à 10,400",Non,0,0,
Femme,36,Célibataire,"20,800 à 28,600",Non,0,0,
Femme,64,Marrié,"10,400 à 15,600",Oui,15,7,Roulées à la main
Homme,51,Marrié,"5,200 à 10,400",Non,0,0,
Femme,19,Célibataire,"10,400 à 15,600",Non,0,0,
Femme,18,Célibataire,,Non,0,0,
Homme,31,Marrié,"Au-dessus 36,400",Oui,10,5,Les deux
Femme,24,Célibataire,"5,200 à 10,400",Non,0,0,
Homme,18,Célibataire,"Sous 2,600",Oui,20,10,Paquets
Homme,22,Célibataire,"2,600 à 5,200",Non,0,0,
Femme,26,Célibataire,"10,400 à 15,600",Non,0,0,
Femme,33,Célibataire,"2,600 à 5,200",Non,0,0,
Homme,17,Célibataire,"Sous 2,600",Oui,20,10,Paquets
Homme,37,Célibataire,"10,400 à 15,600",Oui,20,10,Paquets
Homme,60,Marrié,"2,600 à 5,200",Non,0,0,
Homme,80,Marrié,"2,600 à 5,200",Non,0,0,
Homme,68,Marrié,"10,400 à 15,600",Oui,7,7,Paquets
Femme,65,Marrié,"5,200 à 10,400",Non,0,0,
Homme,42,Marrié,"10,400 à 15,600",Non,0,0,
Femme,48,Marrié,"15,600 à 20,800",Non,0,0,
Homme,46,Marrié,"Au-dessus 36,400",Non,0,0,
Homme,44,Marrié,"28,600 à 36,400",Non,0,0,
Femme,29,Marrié,"10,400 à 15,600",Oui,10,5,Paquets
Homme,38,Marrié,"15,600 à 20,800",Non,0,0,
Femme,52,Marrié,,Non,0,0,
Homme,48,Divorcé,"Au-dessus 36,400",Non,0,0,
Homme,65,Marrié,"10,400 à 15,600",Non,0,0,
Homme,27,Célibataire,"10,400 à 15,600",Non,0,0,
Femme,37,Marrié,"2,600 à 5,200",Non,0,0,
Femme,42,Marrié,"Sous 2,600",Non,0,0,
Homme,53,Célibataire,"5,200 à 10,400",Non,0,0,
Femme,66,Veuf,,Oui,20,20,Paquets
Femme,20,Célibataire,"15,600 à 20,800",Non,0,0,
Femme,62,Marrié,,Non,0,0,
Homme,18,Célibataire,"2,600 à 5,200",Non,0,0,
Homme,69,Marrié,"5,200 à 10,400",Non,0,0,
Homme,63,Divorcé,"Au-dessus 36,400",Oui,2,1,Paquets
Homme,41,Marrié,"28,600 à 36,400",Non,0,0,
Homme,74,Marrié,"Au-dessus 36,400",Non,0,0,
Femme,20,Célibataire,"2,600 à 5,200",Non,0,0,
Femme,18,Célibataire,"2,600 à 5,200",Non,0,0,
Homme,28,Célibataire,"5,200 à 10,400",Oui,10,10,Roulées à la main
Homme,49,Marrié,"Au-dessus 36,400",Non,0,0,
Homme,64,Marrié,"5,200 à 10,400",Non,0,0,
Femme,69,Veuf,"5,200 à 10,400",Non,0,0,
Femme,33,Separated,"5,200 à 10,400",Non,0,0,
Femme,22,Célibataire,"10,400 à 15,600",Oui,15,7,Paquets
Femme,63,Marrié,"10,400 à 15,600",Non,0,0,
Femme,93,Veuf,"2,600 à 5,200",Non,0,0,
Femme,65,Marrié,"Sous 2,600",Non,0,0,
Femme,33,Marrié,"10,400 à 15,600",Oui,20,10,Paquets
Femme,38,Marrié,"2,600 à 5,200",Non,0,0,
Femme,29,Célibataire,"Sous 2,600",Oui,10,10,Paquets
Homme,59,Marrié,"Au-dessus 36,400",Non,0,0,
Homme,37,Célibataire,"Au-dessus 36,400",Non,0,0,
Homme,51,Célibataire,"20,800 à 28,600",Oui,20,20,Paquets
Femme,33,Marrié,,Non,0,0,
Femme,80,Célibataire,"2,600 à 5,200",Non,0,0,
Homme,49,Marrié,"15,600 à 20,800",Non,0,0,
Femme,38,Marrié,"20,800 à 28,600",Non,0,0,
Homme,45,Célibataire,"Au-dessus 36,400",Oui,10,20,Paquets
Femme,58,Marrié,"20,800 à 28,600",Non,0,0,
Femme,63,Marrié,"2,600 à 5,200",Non,0,0,
Femme,69,Marrié,"2,600 à 5,200",Non,0,0,
Homme,86,Veuf,"20,800 à 28,600",Non,0,0,
Femme,66,Veuf,"20,800 à 28,600",Non,0,0,
Homme,61,Marrié,"5,200 à 10,400",Non,0,0,
Femme,62,Separated,"15,600 à 20,800",Non,0,0,
Femme,89,Veuf,"2,600 à 5,200",Non,0,0,
Femme,72,Veuf,"20,800 à 28,600",Non,0,0,
Homme,64,Marrié,"Au-dessus 36,400",Non,0,0,
Femme,58,Marrié,"28,600 à 36,400",Non,0,0,
Femme,80,Veuf,"10,400 à 15,600",Non,0,0,
Femme,61,Marrié,"5,200 à 10,400",Non,0,0,
Femme,34,Marrié,"5,200 à 10,400",Non,0,0,
Femme,36,Marrié,"Sous 2,600",Oui,5,3,Paquets
Femme,34,Divorcé,"10,400 à 15,600",Oui,20,10,Paquets
Femme,40,Célibataire,"Au-dessus 36,400",Non,0,0,
Homme,53,Célibataire,"20,800 à 28,600",Non,0,0,
Femme,31,Célibataire,"20,800 à 28,600",Non,0,0,
Femme,86,Separated,"2,600 à 5,200",Non,0,0,
Femme,46,Marrié,"5,200 à 10,400",Oui,20,20,Paquets
Homme,34,Célibataire,"15,600 à 20,800",Non,0,0,
Femme,44,Célibataire,"28,600 à 36,400",Non,0,0,
Femme,69,Veuf,"5,200 à 10,400",Non,0,0,
Femme,56,Veuf,"15,600 à 20,800",Non,0,0,
Homme,79,Célibataire,"2,600 à 5,200",Non,0,0,
Femme,41,Separated,"5,200 à 10,400",Oui,30,15,Paquets
Homme,34,Divorcé,"Au-dessus 36,400",Oui,30,15,Paquets
Homme,47,Célibataire,"2,600 à 5,200",Oui,40,40,Paquets
Homme,46,Marrié,"15,600 à 20,800",Non,0,0,
Femme,30,Célibataire,"10,400 à 15,600",Non,0,0,
Femme,19,Célibataire,"5,200 à 10,400",Non,0,0,
Homme,45,Marrié,"28,600 à 36,400",Non,0,0,
Femme,24,Célibataire,"10,400 à 15,600",Non,0,0,
Homme,42,Marrié,"20,800 à 28,600",Non,0,0,
Homme,32,Marrié,"15,600 à 20,800",Non,0,0,
Homme,32,Célibataire,"10,400 à 15,600",Oui,20,20,Paquets
Femme,28,Célibataire,"Sous 2,600",Oui,5,5,Paquets
Femme,78,Veuf,"10,400 à 15,600",Non,0,0,
Homme,42,Divorcé,"15,600 à 20,800",Oui,20,20,Roulées à la main
Femme,27,Marrié,"28,600 à 36,400",Non,0,0,
Femme,57,Marrié,,Non,0,0,
Femme,24,Célibataire,,Non,0,0,
Femme,71,Marrié,"2,600 à 5,200",Non,0,0,
Homme,51,Marrié,"20,800 à 28,600",Non,0,0,
Homme,66,Veuf,"10,400 à 15,600",Non,0,0,
Femme,73,Separated,"2,600 à 5,200",Non,0,0,
Homme,18,Célibataire,,Oui,10,10,Paquets
Homme,50,Divorcé,"20,800 à 28,600",Oui,10,5,Paquets
Femme,79,Veuf,"5,200 à 10,400",Oui,5,5,Paquets
Femme,22,Célibataire,"Sous 2,600",Oui,10,5,Paquets
Homme,45,Divorcé,"10,400 à 15,600",Non,0,0,
Femme,53,Marrié,,Non,0,0,
Homme,77,Marrié,"2,600 à 5,200",Oui,15,15,Paquets
Femme,64,Veuf,"5,200 à 10,400",Non,0,0,
Homme,39,Marrié,"Sous 2,600",Non,0,0,
Homme,54,Veuf,"5,200 à 10,400",Oui,10,20,Les deux
Homme,17,Célibataire,,Non,0,0,
Homme,78,Marrié,"5,200 à 10,400",Non,0,0,
Homme,50,Célibataire,"20,800 à 28,600",Oui,12,6,Paquets
Homme,41,Marrié,"Au-dessus 36,400",Non,0,0,
Femme,48,Divorcé,"2,600 à 5,200",Oui,40,20,Paquets
Homme,25,Marrié,"15,600 à 20,800",Non,0,0,
Homme,18,Marrié,"2,600 à 5,200",Non,0,0,
Femme,58,Marrié,"10,400 à 15,600",Non,0,0,
Femme,79,Veuf,"20,800 à 28,600",Non,0,0,
Homme,62,Marrié,"2,600 à 5,200",Oui,10,10,Roulées à la main
Femme,36,Marrié,"Sous 2,600",Non,0,0,
Femme,38,Divorcé,"5,200 à 10,400",Non,0,0,
Homme,19,Célibataire,"10,400 à 15,600",Non,0,0,
Femme,45,Separated,"5,200 à 10,400",Non,0,0,
Homme,54,Marrié,"Au-dessus 36,400",Non,0,0,
Femme,69,Veuf,"15,600 à 20,800",Non,0,0,
Femme,65,Veuf,"10,400 à 15,600",Non,0,0,
Homme,31,Marrié,"20,800 à 28,600",Non,0,0,
Femme,31,Marrié,"2,600 à 5,200",Non,0,0,
Femme,46,Célibataire,"2,600 à 5,200",Oui,20,20,Paquets
Homme,37,Célibataire,"20,800 à 28,600",Non,0,0,
Femme,72,Marrié,,Non,0,0,
Homme,59,Marrié,"20,800 à 28,600",Non,0,0,
Femme,82,Veuf,,Non,0,0,
Homme,81,Veuf,"28,600 à 36,400",Non,0,0,
Femme,65,Veuf,"2,600 à 5,200",Non,0,0,
Femme,48,Divorcé,"15,600 à 20,800",Oui,5,5,Roulées à la main
Homme,49,Divorcé,"Au-dessus 36,400",Oui,15,10,Paquets
Homme,35,Célibataire,"2,600 à 5,200",Oui,60,40,Paquets
Femme,73,Marrié,"5,200 à 10,400",Non,0,0,
Femme,80,Divorcé,"5,200 à 10,400",Non,0,0,
Homme,55,Marrié,"28,600 à 36,400",Non,0,0,
Homme,78,Veuf,,Non,0,0,
Femme,45,Célibataire,,Oui,20,20,Paquets
Homme,39,Marrié,"20,800 à 28,600",Oui,20,10,Paquets
Homme,75,Marrié,"5,200 à 10,400",Non,0,0,
Homme,65,Marrié,"5,200 à 10,400",Non,0,0,
Homme,79,Divorcé,"2,600 à 5,200",Non,0,0,
Homme,75,Marrié,"20,800 à 28,600",Non,0,0,
Femme,69,Marrié,"5,200 à 10,400",Non,0,0,
Femme,57,Célibataire,"15,600 à 20,800",Non,0,0,
Femme,29,Célibataire,"20,800 à 28,600",Non,0,0,
Homme,54,Marrié,"20,800 à 28,600",Oui,30,30,Paquets
Homme,29,Marrié,"20,800 à 28,600",Non,0,0,
Homme,42,Divorcé,"10,400 à 15,600",Non,0,0,
Homme,28,Célibataire,"15,600 à 20,800",Oui,5,5,Roulées à la main
Femme,65,Veuf,"15,600 à 20,800",Non,0,0,
Homme,37,Marrié,"Au-dessus 36,400",Oui,0,4,Paquets
Femme,35,Célibataire,"5,200 à 10,400",Non,0,0,
Femme,33,Célibataire,"15,600 à 20,800",Oui,10,6,Les deux
Homme,52,Marrié,"5,200 à 10,400",Oui,40,40,Paquets
Homme,57,Célibataire,"20,800 à 28,600",Non,0,0,
Femme,31,Célibataire,"15,600 à 20,800",Non,0,0,
Homme,73,Marrié,"5,200 à 10,400",Non,0,0,
Homme,43,Marrié,"Au-dessus 36,400",Non,0,0,
Homme,38,Célibataire,"28,600 à 36,400",Non,0,0,
Femme,43,Marrié,"Au-dessus 36,400",Oui,12,12,Paquets
Femme,55,Marrié,"20,800 à 28,600",Non,0,0,
Homme,59,Marrié,"Au-dessus 36,400",Non,0,0,
Femme,33,Marrié,"20,800 à 28,600",Non,0,0,
Femme,41,Marrié,"5,200 à 10,400",Oui,20,20,Paquets
Femme,46,Marrié,"5,200 à 10,400",Oui,20,20,Paquets
Homme,57,Marrié,"Au-dessus 36,400",Oui,35,35,Paquets
Homme,40,Célibataire,"15,600 à 20,800",Non,0,0,
Homme,57,Marrié,"5,200 à 10,400",Non,0,0,
Femme,39,Marrié,"10,400 à 15,600",Oui,10,7,Paquets
Homme,67,Marrié,"5,200 à 10,400",Oui,5,5,Roulées à la main
Femme,46,Célibataire,"2,600 à 5,200",Non,0,0,
Homme,39,Marrié,"28,600 à 36,400",Non,0,0,
Femme,55,Marrié,,Non,0,0,
Homme,50,Marrié,"15,600 à 20,800",Oui,15,10,Roulées à la main
Femme,70,Veuf,"5,200 à 10,400",Non,0,0,
Femme,44,Marrié,"Sous 2,600",Non,0,0,
Femme,33,Marrié,"Sous 2,600",Non,0,0,
Homme,69,Divorcé,"5,200 à 10,400",Non,0,0,
Femme,70,Marrié,"Sous 2,600",Oui,10,10,Paquets
Femme,62,Veuf,,Non,0,0,
Femme,31,Marrié,"Sous 2,600",Non,0,0,
Homme,70,Marrié,"10,400 à 15,600",Non,0,0,
Homme,32,Marrié,"28,600 à 36,400",Non,0,0,
Femme,75,Divorcé,,Non,0,0,
Homme,47,Marrié,"20,800 à 28,600",Non,0,0,
Homme,57,Marrié,"20,800 à 28,600",Non,0,0,
Homme,86,Veuf,"5,200 à 10,400",Non,0,0,
Femme,32,Célibataire,"2,600 à 5,200",Non,0,0,
Homme,46,Célibataire,"10,400 à 15,600",Oui,15,15,Paquets
Homme,51,Célibataire,"Sous 2,600",Oui,10,10,Paquets
Femme,69,Marrié,"10,400 à 15,600",Non,0,0,
Femme,73,Marrié,"2,600 à 5,200",Non,0,0,
Femme,32,Célibataire,"15,600 à 20,800",Oui,20,20,Paquets
Femme,75,Marrié,,Non,0,0,
Femme,54,Veuf,"20,800 à 28,600",Oui,25,25,Paquets
Femme,51,Marrié,"10,400 à 15,600",Non,0,0,
Femme,35,Marrié,"10,400 à 15,600",Non,0,0,
Homme,38,Marrié,"Au-dessus 36,400",Non,0,0,
Femme,72,Marrié,"5,200 à 10,400",Non,0,0,
Femme,66,Marrié,,Non,0,0,
Femme,59,Marrié,"2,600 à 5,200",Non,0,0,
Homme,70,Marrié,"20,800 à 28,600",Non,0,0,
Homme,44,Célibataire,,Non,0,0,
Femme,67,Marrié,"5,200 à 10,400",Non,0,0,
Homme,35,Marrié,"20,800 à 28,600",Non,0,0,
Femme,33,Marrié,"5,200 à 10,400",Non,0,0,
Homme,17,Célibataire,"2,600 à 5,200",Non,0,0,
Femme,45,Marrié,"Sous 2,600",Non,0,0,
Femme,57,Marrié,"5,200 à 10,400",Non,0,0,
Femme,18,Célibataire,"Sous 2,600",Non,0,0,
Homme,68,Separated,"15,600 à 20,800",Non,0,0,
Femme,27,Célibataire,"15,600 à 20,800",Oui,12,15,Roulées à la main
Femme,40,Marrié,"Sous 2,600",Oui,30,18,Paquets
Homme,77,Célibataire,"5,200 à 10,400",Non,0,0,
Femme,77,Marrié,"2,600 à 5,200",Non,0,0,
Homme,75,Marrié,"Au-dessus 36,400",Non,0,0,
Homme,39,Marrié,"15,600 à 20,800",Oui,15,15,Paquets
Femme,21,Célibataire,"2,600 à 5,200",Non,0,0,
Femme,59,Divorcé,"5,200 à 10,400",Non,0,0,
Homme,27,Célibataire,"20,800 à 28,600",Non,0,0,
Femme,67,Marrié,"2,600 à 5,200",Non,0,0,
Femme,50,Célibataire,"20,800 à 28,600",Non,0,0,
Femme,64,Divorcé,"5,200 à 10,400",Non,0,0,
Femme,79,Veuf,"5,200 à 10,400",Non,0,0,
Homme,31,Célibataire,"10,400 à 15,600",Oui,10,20,Les deux
Femme,19,Célibataire,"10,400 à 15,600",Non,0,0,
Homme,42,Marrié,"28,600 à 36,400",Non,0,0,
Homme,36,Marrié,"5,200 à 10,400",Non,0,0,
Homme,36,Marrié,"20,800 à 28,600",Non,0,0,
Femme,64,Veuf,"2,600 à 5,200",Non,0,0,
Femme,53,Célibataire,"5,200 à 10,400",Non,0,0,
Femme,39,Marrié,"15,600 à 20,800",Oui,20,20,Paquets
Femme,39,Marrié,"28,600 à 36,400",Non,0,0,
Femme,28,Marrié,"5,200 à 10,400",Oui,7,7,Paquets
Homme,81,Marrié,"5,200 à 10,400",Non,0,0,
Femme,79,Marrié,"Sous 2,600",Non,0,0,
Femme,72,Marrié,"5,200 à 10,400",Non,0,0,
Femme,18,Célibataire,"2,600 à 5,200",Oui,25,25,Les deux
Femme,76,Marrié,"2,600 à 5,200",Non,0,0,
Femme,68,Veuf,"5,200 à 10,400",Oui,8,8,Paquets
Femme,28,Célibataire,"10,400 à 15,600",Oui,20,15,Paquets
Femme,42,Divorcé,"2,600 à 5,200",Non,0,0,
Femme,26,Célibataire,"5,200 à 10,400",Oui,15,15,Les deux
Femme,19,Célibataire,"2,600 à 5,200",Oui,5,5,Paquets
Femme,41,Divorcé,"5,200 à 10,400",Oui,30,30,Paquets
Femme,82,Veuf,"5,200 à 10,400",Non,0,0,
Homme,36,Marrié,"15,600 à 20,800",Non,0,0,
Homme,47,Célibataire,"5,200 à 10,400",Oui,25,25,Les deux
Homme,77,Veuf,"5,200 à 10,400",Non,0,0,
Femme,66,Divorcé,"Sous 2,600",Non,0,0,
Homme,50,Divorcé,"5,200 à 10,400",Oui,15,15,Roulées à la main
Femme,55,Divorcé,"5,200 à 10,400",Non,0,0,
Femme,36,Marrié,"Sous 2,600",Oui,10,0,Paquets
Homme,79,Marrié,,Non,0,0,
Femme,67,Marrié,"2,600 à 5,200",Non,0,0,
Femme,42,Célibataire,,Non,0,0,
Femme,76,Marrié,"Sous 2,600",Non,0,0,
Femme,44,Marrié,"15,600 à 20,800",Non,0,0,
Femme,75,Marrié,"2,600 à 5,200",Non,0,0,
Femme,24,Marrié,"10,400 à 15,600",Non,0,0,
Homme,78,Marrié,"5,200 à 10,400",Non,0,0,
Femme,38,Marrié,"5,200 à 10,400",Non,0,0,
Homme,22,Célibataire,"5,200 à 10,400",Non,0,0,
Femme,62,Marrié,"2,600 à 5,200",Non,0,0,
Femme,40,Divorcé,"5,200 à 10,400",Oui,10,5,Paquets
Homme,35,Marrié,"20,800 à 28,600",Non,0,0,
Femme,45,Marrié,"5,200 à 10,400",Non,0,0,
Femme,66,Marrié,"2,600 à 5,200",Non,0,0,
Femme,53,Divorcé,"5,200 à 10,400",Non,0,0,
Femme,43,Divorcé,"10,400 à 15,600",Oui,5,0,Paquets
Femme,72,Veuf,"2,600 à 5,200",Oui,3,3,Paquets
Femme,72,Veuf,"5,200 à 10,400",Non,0,0,
Femme,67,Marrié,"10,400 à 15,600",Non,0,0,
Femme,37,Divorcé,"5,200 à 10,400",Non,0,0,
Homme,38,Marrié,"10,400 à 15,600",Non,0,0,
Femme,39,Marrié,"10,400 à 15,600",Oui,10,6,Les deux
Homme,64,Divorcé,"5,200 à 10,400",Non,0,0,
Homme,72,Marrié,"2,600 à 5,200",Non,0,0,
Homme,54,Marrié,"10,400 à 15,600",Oui,20,20,Paquets
Femme,59,Veuf,"5,200 à 10,400",Non,0,0,
Femme,50,Marrié,"10,400 à 15,600",Non,0,0,
Homme,33,Marrié,"Au-dessus 36,400",Non,0,0,
Femme,45,Marrié,"20,800 à 28,600",Non,0,0,
Femme,73,Veuf,"5,200 à 10,400",Non,0,0,
Homme,68,Marrié,"15,600 à 20,800",Non,0,0,
Femme,33,Marrié,"10,400 à 15,600",Non,0,0,
Femme,21,Célibataire,"2,600 à 5,200",Non,0,0,
Femme,32,Marrié,"20,800 à 28,600",Non,0,0,
Homme,37,Marrié,"15,600 à 20,800",Non,0,0,
Femme,48,Célibataire,,Oui,10,10,Roulées à la main
Homme,25,Célibataire,"15,600 à 20,800",Oui,40,20,Paquets
Homme,61,Marrié,"5,200 à 10,400",Oui,30,10,Roulées à la main
Femme,86,Veuf,"2,600 à 5,200",Non,0,0,
Femme,45,Marrié,"5,200 à 10,400",Non,0,0,
Femme,60,Divorcé,"10,400 à 15,600",Non,0,0,
Femme,40,Célibataire,"15,600 à 20,800",Non,0,0,
Homme,55,Marrié,,Non,0,0,
Homme,53,Separated,"10,400 à 15,600",Non,0,0,
Homme,41,Marrié,"2,600 à 5,200",Non,0,0,
Femme,17,Célibataire,"Sous 2,600",Oui,20,10,Les deux
Femme,42,Divorcé,"15,600 à 20,800",Non,0,0,
Homme,44,Marrié,"20,800 à 28,600",Non,0,0,
Femme,43,Marrié,"10,400 à 15,600",Non,0,0,
Femme,39,Marrié,"2,600 à 5,200",Oui,20,20,Paquets
Homme,67,Marrié,"10,400 à 15,600",Non,0,0,
Femme,73,Marrié,"Sous 2,600",Non,0,0,
Femme,16,Célibataire,"2,600 à 5,200",Non,0,0,
Femme,73,Veuf,"10,400 à 15,600",Non,0,0,
Homme,52,Marrié,"Au-dessus 36,400",Non,0,0,
Homme,72,Célibataire,"5,200 à 10,400",Non,0,0,
Homme,79,Marrié,"10,400 à 15,600",Non,0,0,
Femme,90,Veuf,"2,600 à 5,200",Non,0,0,
Homme,27,Célibataire,"20,800 à 28,600",Oui,30,10,Paquets
Homme,32,Divorcé,"Au-dessus 36,400",Non,0,0,
Femme,38,Divorcé,"5,200 à 10,400",Non,0,0,
Femme,21,Célibataire,"Sous 2,600",Non,0,0,
Homme,40,Marrié,"Au-dessus 36,400",Non,0,0,
Homme,28,Marrié,"Au-dessus 36,400",Non,0,0,
Homme,47,Marrié,"Au-dessus 36,400",Oui,40,40,Paquets
Femme,45,Marrié,"5,200 à 10,400",Non,0,0,
Femme,95,Veuf,"5,200 à 10,400",Non,0,0,
Homme,18,Célibataire,"2,600 à 5,200",Non,0,0,
Femme,89,Veuf,,Non,0,0,
Femme,82,Veuf,"5,200 à 10,400",Non,0,0,
Homme,65,Marrié,"28,600 à 36,400",Non,0,0,
Femme,87,Veuf,"5,200 à 10,400",Non,0,0,
Homme,30,Célibataire,"20,800 à 28,600",Oui,4,1,Paquets
Femme,77,Veuf,"28,600 à 36,400",Non,0,0,
Femme,55,Divorcé,"Au-dessus 36,400",Non,0,0,
Femme,33,Marrié,"5,200 à 10,400",Non,0,0,
Femme,56,Marrié,"5,200 à 10,400",Non,0,0,
Femme,68,Divorcé,"2,600 à 5,200",Oui,15,10,Paquets
Femme,73,Marrié,"2,600 à 5,200",Non,0,0,
Femme,66,Célibataire,"10,400 à 15,600",Non,0,0,
Femme,73,Marrié,"5,200 à 10,400",Non,0,0,
Homme,42,Marrié,"20,800 à 28,600",Oui,12,0,Paquets
Homme,41,Célibataire,,Non,0,0,
Femme,35,Marrié,"10,400 à 15,600",Non,0,0,
Femme,53,Marrié,"2,600 à 5,200",Non,0,0,
Femme,74,Divorcé,"5,200 à 10,400",Non,0,0,
Homme,46,Marrié,"10,400 à 15,600",Oui,25,25,Roulées à la main
Femme,22,Célibataire,"2,600 à 5,200",Non,0,0,
Homme,27,Marrié,"15,600 à 20,800",Non,0,0,
Femme,71,Marrié,"5,200 à 10,400",Non,0,0,
Homme,78,Veuf,"5,200 à 10,400",Non,0,0,
Femme,38,Marrié,"5,200 à 10,400",Non,0,0,
Femme,31,Marrié,"10,400 à 15,600",Non,0,0,
Femme,54,Marrié,"2,600 à 5,200",Non,0,0,
Femme,31,Célibataire,"10,400 à 15,600",Non,0,0,
Homme,53,Marrié,"Au-dessus 36,400",Non,0,0,
Femme,36,Célibataire,"2,600 à 5,200",Oui,20,20,Les deux
Homme,41,Marrié,"15,600 à 20,800",Non,0,0,
Homme,78,Veuf,"5,200 à 10,400",Oui,15,12,Paquets
Femme,54,Divorcé,"2,600 à 5,200",Oui,10,10,Paquets
Femme,72,Divorcé,"2,600 à 5,200",Non,0,0,
Homme,28,Marrié,"20,800 à 28,600",Oui,20,20,Roulées à la main
Femme,41,Separated,"5,200 à 10,400",Oui,20,15,Les deux
Femme,78,Marrié,"Sous 2,600",Non,0,0,
Homme,71,Veuf,"5,200 à 10,400",Non,0,0,
Femme,57,Marrié,"5,200 à 10,400",Non,0,0,
Homme,31,Marrié,"15,600 à 20,800",Oui,1,5,Paquets
Femme,64,Veuf,"5,200 à 10,400",Non,0,0,
Homme,65,Marrié,"5,200 à 10,400",Non,0,0,
Homme,61,Marrié,"5,200 à 10,400",Non,0,0,
Homme,33,Marrié,"20,800 à 28,600",Non,0,0,
Femme,60,Marrié,,Oui,20,20,Paquets
Homme,40,Marrié,"15,600 à 20,800",Non,0,0,
Femme,68,Marrié,"5,200 à 10,400",Non,0,0,
Femme,36,Marrié,"15,600 à 20,800",Non,0,0,
Femme,35,Marrié,"Sous 2,600",Non,0,0,
Homme,22,Célibataire,"20,800 à 28,600",Oui,20,5,Paquets
Femme,43,Marrié,"2,600 à 5,200",Non,0,0,
Homme,84,Veuf,"5,200 à 10,400",Non,0,0,
Femme,24,Célibataire,"5,200 à 10,400",Non,0,0,
Homme,68,Marrié,"5,200 à 10,400",Oui,25,12,Roulées à la main
Homme,35,Célibataire,"Sous 2,600",Oui,10,10,Paquets
Femme,51,Divorcé,,Oui,25,25,Paquets
Homme,45,Marrié,"28,600 à 36,400",Non,0,0,
Femme,45,Célibataire,,Oui,5,5,Paquets
Homme,71,Marrié,"10,400 à 15,600",Non,0,0,
Femme,47,Marrié,"5,200 à 10,400",Oui,20,15,Paquets
Femme,39,Marrié,"10,400 à 15,600",Non,0,0,
Homme,62,Marrié,"2,600 à 5,200",Non,0,0,
Femme,37,Célibataire,"15,600 à 20,800",Non,0,0,
Femme,71,Marrié,,Non,0,0,
Homme,49,Divorcé,"28,600 à 36,400",Non,0,0,
Femme,22,Célibataire,"2,600 à 5,200",Oui,30,20,Les deux
Homme,61,Marrié,"Sous 2,600",Non,0,0,
Homme,34,Célibataire,"20,800 à 28,600",Oui,10,5,Paquets
Femme,40,Separated,"Au-dessus 36,400",Non,0,0,
Femme,27,Separated,"2,600 à 5,200",Oui,20,20,Les deux
Homme,28,Célibataire,"10,400 à 15,600",Oui,12,12,Paquets
Femme,28,Célibataire,"10,400 à 15,600",Non,0,0,
Homme,36,Marrié,"20,800 à 28,600",Oui,20,30,Les deux
Femme,34,Célibataire,"5,200 à 10,400",Oui,20,20,Roulées à la main
Homme,19,Célibataire,"10,400 à 15,600",Non,0,0,
Femme,31,Divorcé,"15,600 à 20,800",Oui,20,20,Paquets
Homme,49,Divorcé,,Oui,20,20,Roulées à la main
Homme,42,Divorcé,"2,600 à 5,200",Oui,50,50,Roulées à la main
Femme,38,Marrié,"Sous 2,600",Non,0,0,
Homme,16,Célibataire,"Sous 2,600",Oui,6,6,Les deux
Homme,73,Marrié,"5,200 à 10,400",Non,0,0,
Homme,36,Marrié,"15,600 à 20,800",Non,0,0,
Femme,81,Marrié,"Sous 2,600",Non,0,0,
Femme,97,Veuf,"10,400 à 15,600",Non,0,0,
Homme,38,Marrié,"10,400 à 15,600",Non,0,0,
Femme,46,Marrié,"5,200 à 10,400",Oui,12,7,Paquets
Homme,79,Marrié,"5,200 à 10,400",Non,0,0,
Femme,76,Veuf,"2,600 à 5,200",Oui,4,4,Paquets
Femme,54,Veuf,"2,600 à 5,200",Non,0,0,
Homme,59,Marrié,"Au-dessus 36,400",Non,0,0,
Homme,52,Separated,"Au-dessus 36,400",Non,0,0,
Homme,58,Divorcé,"5,200 à 10,400",Oui,20,20,Les deux
Homme,69,Divorcé,"15,600 à 20,800",Non,0,0,
Homme,67,Veuf,"5,200 à 10,400",Non,0,0,
Femme,76,Marrié,,Non,0,0,
Homme,33,Marrié,"5,200 à 10,400",Non,0,0,
Homme,61,Separated,,Oui,30,30,Roulées à la main
Femme,82,Veuf,,Non,0,0,
Homme,62,Marrié,"5,200 à 10,400",Non,0,0,
Homme,66,Divorcé,,Non,0,0,
Femme,69,Veuf,"Sous 2,600",Non,0,0,
Femme,25,Marrié,,Non,0,0,
Homme,29,Célibataire,"20,800 à 28,600",Non,0,0,
Homme,28,Marrié,"10,400 à 15,600",Non,0,0,
Femme,52,Célibataire,"28,600 à 36,400",Non,0,0,
Femme,81,Veuf,,Non,0,0,
Femme,44,Marrié,"10,400 à 15,600",Oui,20,20,Paquets
Femme,62,Marrié,,Non,0,0,
Homme,45,Marrié,"2,600 à 5,200",Non,0,0,
Femme,71,Veuf,"5,200 à 10,400",Non,0,0,
Femme,72,Marrié,"2,600 à 5,200",Non,0,0,
Femme,69,Veuf,,Oui,15,15,Paquets
Femme,72,Veuf,"2,600 à 5,200",Oui,10,10,Paquets
Homme,61,Marrié,"5,200 à 10,400",Non,0,0,
Femme,29,Marrié,"2,600 à 5,200",Oui,5,2,Paquets
Femme,37,Célibataire,"5,200 à 10,400",Oui,30,30,Paquets
Homme,29,Célibataire,"15,600 à 20,800",Oui,20,20,Paquets
Homme,57,Marrié,"10,400 à 15,600",Non,0,0,
Homme,60,Marrié,"5,200 à 10,400",Non,0,0,
Homme,38,Marrié,"28,600 à 36,400",Non,0,0,
Homme,74,Marrié,"5,200 à 10,400",Non,0,0,
Homme,38,Marrié,"10,400 à 15,600",Non,0,0,
Femme,51,Divorcé,,Non,0,0,
Homme,68,Marrié,"2,600 à 5,200",Oui,15,15,Roulées à la main
Homme,67,Marrié,"10,400 à 15,600",Non,0,0,
Homme,32,Célibataire,"10,400 à 15,600",Non,0,0,
Femme,25,Marrié,"5,200 à 10,400",Non,0,0,
Homme,53,Marrié,"15,600 à 20,800",Non,0,0,
Femme,52,Divorcé,"5,200 à 10,400",Oui,5,5,Paquets
Femme,21,Célibataire,"2,600 à 5,200",Non,0,0,
Femme,71,Divorcé,"5,200 à 10,400",Non,0,0,
Femme,30,Marrié,"Sous 2,600",Non,0,0,
Homme,23,Célibataire,"15,600 à 20,800",Non,0,0,
Femme,28,Célibataire,"10,400 à 15,600",Oui,0,1,Paquets
Femme,37,Marrié,"5,200 à 10,400",Non,0,0,
Femme,84,Veuf,"2,600 à 5,200",Non,0,0,
Femme,61,Marrié,"2,600 à 5,200",Non,0,0,
Femme,18,Célibataire,"2,600 à 5,200",Non,0,0,
Femme,55,Marrié,"5,200 à 10,400",Non,0,0,
Homme,52,Célibataire,"20,800 à 28,600",Non,0,0,
Femme,46,Marrié,"2,600 à 5,200",Oui,25,25,Paquets
Femme,46,Marrié,"10,400 à 15,600",Non,0,0,
Homme,23,Célibataire,"2,600 à 5,200",Non,0,0,
Homme,58,Marrié,"20,800 à 28,600",Non,0,0,
Homme,16,Célibataire,"Sous 2,600",Non,0,0,
Homme,71,Marrié,"15,600 à 20,800",Non,0,0,
Femme,47,Marrié,"2,600 à 5,200",Oui,10,10,Paquets
Homme,34,Marrié,"20,800 à 28,600",Non,0,0,
Femme,55,Célibataire,"Au-dessus 36,400",Non,0,0,
Femme,78,Veuf,"20,800 à 28,600",Non,0,0,
Homme,35,Célibataire,"2,600 à 5,200",Oui,40,40,Roulées à la main
Homme,68,Marrié,"20,800 à 28,600",Non,0,0,
Homme,76,Célibataire,"5,200 à 10,400",Non,0,0,
Homme,28,Célibataire,"10,400 à 15,600",Non,0,0,
Femme,36,Divorcé,"5,200 à 10,400",Oui,20,20,Les deux
Femme,57,Divorcé,"5,200 à 10,400",Non,0,0,
Femme,29,Célibataire,"10,400 à 15,600",Oui,20,10,Les deux
Femme,27,Célibataire,"5,200 à 10,400",Oui,5,5,Paquets
Femme,64,Veuf,"2,600 à 5,200",Non,0,0,
Femme,89,Célibataire,,Non,0,0,
Femme,26,Célibataire,"2,600 à 5,200",Oui,15,15,Paquets
Homme,27,Célibataire,"20,800 à 28,600",Non,0,0,
Homme,66,Célibataire,"10,400 à 15,600",Non,0,0,
Femme,84,Veuf,"5,200 à 10,400",Non,0,0,
Homme,41,Célibataire,"20,800 à 28,600",Oui,20,12,Paquets
Homme,27,Célibataire,"15,600 à 20,800",Non,0,0,
Femme,40,Divorcé,"10,400 à 15,600",Non,0,0,
Femme,79,Veuf,"10,400 à 15,600",Non,0,0,
Homme,49,Marrié,"20,800 à 28,600",Oui,20,20,Paquets
Femme,79,Veuf,,Non,0,0,
Femme,54,Marrié,"Sous 2,600",Non,0,0,
Homme,25,Célibataire,"5,200 à 10,400",Oui,10,10,Paquets
Femme,45,Célibataire,"28,600 à 36,400",Oui,5,5,Paquets
Femme,24,Célibataire,"5,200 à 10,400",Oui,5,5,Paquets
Femme,54,Divorcé,"10,400 à 15,600",Oui,20,10,Paquets
Femme,78,Veuf,"15,600 à 20,800",Non,0,0,
Homme,50,Marrié,"10,400 à 15,600",Oui,25,25,Roulées à la main
Femme,42,Marrié,"20,800 à 28,600",Non,0,0,
Femme,32,Célibataire,"10,400 à 15,600",Oui,10,10,Paquets
Homme,75,Célibataire,"5,200 à 10,400",Non,0,0,
Femme,25,Célibataire,"Sous 2,600",Oui,15,15,Paquets
Homme,50,Separated,"20,800 à 28,600",Non,0,0,
Homme,24,Célibataire,"28,600 à 36,400",Oui,15,15,Paquets
Homme,35,Célibataire,"28,600 à 36,400",Non,0,0,
Femme,52,Marrié,"10,400 à 15,600",Non,0,0,
Femme,42,Marrié,"10,400 à 15,600",Non,0,0,
Homme,44,Separated,"15,600 à 20,800",Non,0,0,
Homme,67,Veuf,"5,200 à 10,400",Oui,20,12,Roulées à la main
Femme,69,Veuf,"2,600 à 5,200",Non,0,0,
Femme,91,Célibataire,"2,600 à 5,200",Non,0,0,
Homme,61,Divorcé,"2,600 à 5,200",Non,0,0,
Femme,50,Célibataire,"20,800 à 28,600",Non,0,0,
Homme,37,Célibataire,"20,800 à 28,600",Non,0,0,
Femme,35,Célibataire,"15,600 à 20,800",Oui,15,15,Paquets
Homme,24,Célibataire,"10,400 à 15,600",Oui,20,15,Paquets
Femme,39,Célibataire,"5,200 à 10,400",Non,0,0,
Femme,79,Divorcé,"2,600 à 5,200",Non,0,0,
Homme,40,Marrié,"Au-dessus 36,400",Non,0,0,
Homme,60,Marrié,"Au-dessus 36,400",Non,0,0,
Homme,42,Marrié,"20,800 à 28,600",Non,0,0,
Homme,64,Veuf,"5,200 à 10,400",Non,0,0,
Femme,55,Marrié,"15,600 à 20,800",Oui,2,10,Paquets
Homme,54,Marrié,"10,400 à 15,600",Non,0,0,
Femme,61,Marrié,"10,400 à 15,600",Non,0,0,
Femme,62,Divorcé,"5,200 à 10,400",Non,0,0,
Femme,59,Divorcé,,Non,0,0,
Femme,79,Veuf,,Non,0,0,
Femme,37,Marrié,"10,400 à 15,600",Non,0,0,
Femme,55,Marrié,"2,600 à 5,200",Oui,12,8,Paquets
Femme,88,Veuf,"28,600 à 36,400",Non,0,0,
Femme,39,Divorcé,"15,600 à 20,800",Non,0,0,
Homme,34,Célibataire,"Au-dessus 36,400",Non,0,0,
Homme,42,Marrié,"28,600 à 36,400",Non,0,0,
Femme,45,Marrié,"2,600 à 5,200",Non,0,0,
Homme,59,Marrié,"Au-dessus 36,400",Non,0,0,
Homme,58,Marrié,"10,400 à 15,600",Oui,30,30,Paquets
Homme,74,Veuf,"5,200 à 10,400",Non,0,0,
Homme,45,Marrié,"20,800 à 28,600",Non,0,0,
Homme,64,Marrié,"10,400 à 15,600",Non,0,0,
Homme,53,Célibataire,"15,600 à 20,800",Non,0,0,
Homme,40,Marrié,"15,600 à 20,800",Non,0,0,
Homme,30,Marrié,"15,600 à 20,800",Oui,10,10,Roulées à la main
Homme,70,Marrié,"10,400 à 15,600",Non,0,0,
Femme,28,Separated,"5,200 à 10,400",Non,0,0,
Femme,78,Veuf,"2,600 à 5,200",Non,0,0,
Homme,41,Marrié,"20,800 à 28,600",Oui,24,24,Paquets
Femme,69,Divorcé,"5,200 à 10,400",Non,0,0,
Homme,54,Marrié,"20,800 à 28,600",Non,0,0,
Homme,59,Marrié,"15,600 à 20,800",Oui,20,20,Roulées à la main
Femme,23,Célibataire,"5,200 à 10,400",Oui,15,15,Paquets
Homme,40,Marrié,"15,600 à 20,800",Oui,30,15,Paquets
Homme,17,Célibataire,"5,200 à 10,400",Oui,15,6,Paquets
Homme,54,Célibataire,"5,200 à 10,400",Non,0,0,
Femme,49,Divorcé,"5,200 à 10,400",Non,0,0,
Homme,55,Marrié,"5,200 à 10,400",Oui,45,45,Roulées à la main
Homme,51,Veuf,"5,200 à 10,400",Oui,20,20,Paquets
Femme,73,Marrié,"Sous 2,600",Non,0,0,
Femme,41,Marrié,"2,600 à 5,200",Non,0,0,
Femme,70,Marrié,"20,800 à 28,600",Non,0,0,
Femme,44,Separated,"10,400 à 15,600",Oui,15,10,Paquets
Homme,51,Divorcé,"Sous 2,600",Non,0,0,
Homme,68,Marrié,"28,600 à 36,400",Oui,1,0,Paquets
Femme,75,Separated,"2,600 à 5,200",Non,0,0,
Homme,60,Marrié,"5,200 à 10,400",Oui,20,15,Paquets
Homme,56,Marrié,"2,600 à 5,200",Non,0,0,
Homme,64,Veuf,"5,200 à 10,400",Non,0,0,
Femme,27,Célibataire,"10,400 à 15,600",Non,0,0,
Femme,73,Veuf,"5,200 à 10,400",Oui,20,12,Paquets
Homme,34,Célibataire,"15,600 à 20,800",Oui,10,2,Paquets
Homme,47,Marrié,"10,400 à 15,600",Oui,15,10,Roulées à la main
Homme,32,Célibataire,"10,400 à 15,600",Non,0,0,
Homme,63,Marrié,"15,600 à 20,800",Non,0,0,
Femme,23,Célibataire,"5,200 à 10,400",Non,0,0,
Femme,63,Marrié,"5,200 à 10,400",Non,0,0,
Femme,46,Divorcé,"15,600 à 20,800",Non,0,0,
Homme,48,Célibataire,"10,400 à 15,600",Non,0,0,
Homme,68,Marrié,"5,200 à 10,400",Non,0,0,
Homme,52,Separated,"15,600 à 20,800",Oui,20,20,Paquets
Femme,29,Separated,"15,600 à 20,800",Oui,10,6,Paquets
Femme,16,Célibataire,,Non,0,0,
Homme,41,Divorcé,"15,600 à 20,800",Non,0,0,
Femme,48,Veuf,"5,200 à 10,400",Oui,20,20,Paquets
Homme,24,Célibataire,"5,200 à 10,400",Non,0,0,
Homme,72,Veuf,"5,200 à 10,400",Oui,40,40,Roulées à la main
Homme,45,Marrié,"15,600 à 20,800",Non,0,0,
Femme,28,Marrié,"28,600 à 36,400",Non,0,0,
Homme,20,Célibataire,"5,200 à 10,400",Non,0,0,
Femme,69,Veuf,"5,200 à 10,400",Non,0,0,
Femme,70,Marrié,"Sous 2,600",Non,0,0,
Homme,50,Marrié,"15,600 à 20,800",Oui,25,20,Les deux
Homme,63,Marrié,"5,200 à 10,400",Oui,20,20,Paquets
Homme,44,Marrié,"15,600 à 20,800",Non,0,0,
Femme,83,Veuf,"5,200 à 10,400",Non,0,0,
Femme,17,Célibataire,"5,200 à 10,400",Oui,20,15,Paquets
Femme,61,Marrié,"5,200 à 10,400",Non,0,0,
Femme,47,Marrié,"5,200 à 10,400",Oui,15,20,Paquets
Homme,57,Marrié,"28,600 à 36,400",Non,0,0,
Femme,44,Marrié,"5,200 à 10,400",Oui,15,10,Paquets
Homme,52,Célibataire,"15,600 à 20,800",Oui,25,20,Les deux
Homme,82,Marrié,"5,200 à 10,400",Non,0,0,
Homme,63,Marrié,"28,600 à 36,400",Non,0,0,
Femme,72,Separated,"2,600 à 5,200",Non,0,0,
Homme,39,Marrié,"Au-dessus 36,400",Non,0,0,
Homme,16,Célibataire,,Non,0,0,
Femme,35,Divorcé,"15,600 à 20,800",Non,0,0,
Femme,39,Marrié,"10,400 à 15,600",Non,0,0,
Homme,56,Separated,,Oui,10,10,Roulées à la main
Femme,31,Célibataire,"5,200 à 10,400",Oui,60,30,Paquets
Homme,61,Marrié,"Sous 2,600",Non,0,0,
Homme,23,Separated,"Sous 2,600",Oui,5,0,Paquets
Homme,34,Célibataire,"10,400 à 15,600",Oui,35,18,Les deux
Homme,24,Célibataire,"15,600 à 20,800",Non,0,0,
Homme,82,Célibataire,"5,200 à 10,400",Non,0,0,
Homme,27,Marrié,"15,600 à 20,800",Non,0,0,
Femme,62,Divorcé,"2,600 à 5,200",Oui,18,18,Paquets
Homme,39,Marrié,"20,800 à 28,600",Non,0,0,
Homme,44,Separated,"2,600 à 5,200",Non,0,0,
Femme,43,Célibataire,"10,400 à 15,600",Oui,25,20,Paquets
Homme,31,Célibataire,"2,600 à 5,200",Oui,20,15,Les deux
Homme,77,Divorcé,"5,200 à 10,400",Oui,20,10,Paquets
Femme,20,Célibataire,"5,200 à 10,400",Non,0,0,
Femme,81,Veuf,"5,200 à 10,400",Non,0,0,
Femme,31,Célibataire,"15,600 à 20,800",Oui,20,10,Paquets
Femme,78,Marrié,"2,600 à 5,200",Non,0,0,
Homme,35,Marrié,"10,400 à 15,600",Non,0,0,
Femme,67,Veuf,"Sous 2,600",Non,0,0,
Homme,65,Divorcé,"10,400 à 15,600",Non,0,0,
Homme,61,Marrié,"10,400 à 15,600",Non,0,0,
Homme,24,Célibataire,"Sous 2,600",Oui,15,15,Roulées à la main
Homme,53,Célibataire,"20,800 à 28,600",Non,0,0,
Femme,63,Marrié,,Non,0,0,
Homme,35,Marrié,"10,400 à 15,600",Oui,3,12,Paquets
Homme,78,Veuf,,Non,0,0,
Femme,31,Célibataire,"5,200 à 10,400",Non,0,0,
Homme,22,Célibataire,"2,600 à 5,200",Non,0,0,
Femme,49,Divorcé,"2,600 à 5,200",Oui,20,20,Roulées à la main
Homme,45,Marrié,"5,200 à 10,400",Non,0,0,
Femme,51,Marrié,"2,600 à 5,200",Oui,20,20,Paquets
Homme,31,Marrié,"10,400 à 15,600",Non,0,0,
